timestamp,role,cpu_user_jiffies,cpu_nice_jiffies,cpu_system_jiffies,cpu_idle_jiffies,cpu_iowait_jiffies,cpu_irq_jiffies,cpu_softirq_jiffies,cpu_steal_jiffies,mem_total_kb,mem_available_kb,mem_used_kb,mem_free_kb,swap_total_kb,swap_free_kb
2026-05-13T15:45:00+01:00,server,893353451,128258,7519951,731949446,51234,0,243166,0,32911424,29874496,3036928,25008896,16252864,15826880
2026-05-13T15:45:01+01:00,server,893355013,128258,7519974,731952785,51236,0,243166,0,32911424,29844928,3066496,24967680,16252864,15826880
2026-05-13T15:45:02+01:00,server,893357452,128258,7519985,731955234,51236,0,243168,0,32911424,29838720,3072704,24957952,16252864,15826880
2026-05-13T15:45:03+01:00,server,893359924,128258,7519997,731957687,51236,0,243170,0,32911424,29836672,3074752,24955904,16252864,15826880
2026-05-13T15:45:04+01:00,server,893362400,128258,7520007,731960138,51236,0,243170,0,32911424,29830016,3081408,24949184,16252864,15826880
2026-05-13T15:45:05+01:00,server,893364847,128258,7520023,731962602,51236,0,243170,0,32911424,29822272,3089152,24941376,16252864,15826880
2026-05-13T15:45:06+01:00,server,893367276,128258,7520036,731965112,51236,0,243170,0,32911424,29819264,3092160,24938304,16252864,15826880
2026-05-13T15:45:07+01:00,server,893369730,128258,7520049,731967570,51236,0,243170,0,32911424,29818496,3092928,24937472,16252864,15826880
2026-05-13T15:45:08+01:00,server,893372185,128258,7520057,731970026,51236,0,243170,0,32911424,29817600,3093824,24936448,16252864,15826880
2026-05-13T15:45:10+01:00,server,893374651,128258,7520072,731972490,51236,0,243170,0,32911424,29814464,3096960,24933312,16252864,15826880
2026-05-13T15:45:11+01:00,server,893377077,128258,7520088,731974951,51236,0,243170,0,32911424,29813504,3097920,24932352,16252864,15826880
2026-05-13T15:45:12+01:00,server,893379527,128258,7520120,731977417,51236,0,243170,0,32911424,29809728,3101696,24928576,16252864,15826880
2026-05-13T15:45:13+01:00,server,893381977,128258,7520127,731979889,51236,0,243170,0,32911424,29806912,3104512,24925760,16252864,15826880
2026-05-13T15:45:14+01:00,server,893384439,128258,7520144,731982322,51236,0,243171,0,32911424,29799744,3111680,24918528,16252864,15826880
2026-05-13T15:45:15+01:00,server,893386913,128258,7520155,731984784,51236,0,243172,0,32911424,29795904,3115520,24914688,16252864,15826880
2026-05-13T15:45:16+01:00,server,893389385,128258,7520172,731987244,51236,0,243172,0,32911424,29794112,3117312,24912896,16252864,15826880
2026-05-13T15:45:17+01:00,server,893391861,128258,7520186,731989706,51236,0,243172,0,32911424,29790848,3120576,24909568,16252864,15826880
2026-05-13T15:45:18+01:00,server,893394310,128258,7520200,731992162,51236,0,243172,0,32911424,29790848,3120576,24909056,16252864,15826880
2026-05-13T15:45:19+01:00,server,893396785,128258,7520212,731994624,51236,0,243173,0,32911424,29788032,3123392,24906240,16252864,15826880
2026-05-13T15:45:20+01:00,server,893399260,128258,7520223,731997085,51236,0,243174,0,32911424,29785728,3125696,24903936,16252864,15826880
2026-05-13T15:45:21+01:00,server,893401709,128258,7520236,731999544,51236,0,243175,0,32911424,29784448,3126976,24902656,16252864,15826880
2026-05-13T15:45:22+01:00,server,893404161,128258,7520249,732002005,51236,0,243176,0,32911424,29786176,3125248,24904384,16252864,15826880
2026-05-13T15:45:23+01:00,server,893406610,128258,7520262,732004466,51236,0,243176,0,32911424,29785792,3125632,24904000,16252864,15826880
2026-05-13T15:45:24+01:00,server,893409038,128258,7520272,732006933,51236,0,243176,0,32911424,29787840,3123584,24906112,16252864,15826880
2026-05-13T15:45:25+01:00,server,893411485,128258,7520287,732009401,51236,0,243176,0,32911424,29782848,3128576,24901120,16252864,15826880
2026-05-13T15:45:26+01:00,server,893413914,128258,7520303,732011861,51236,0,243176,0,32911424,29785088,3126336,24903104,16252864,15826880
2026-05-13T15:45:27+01:00,server,893416272,128258,7520316,732014373,51236,0,243176,0,32911424,29779328,3132096,24897344,16252864,15826880
2026-05-13T15:45:28+01:00,server,893418776,128258,7520338,732016811,51236,0,243176,0,32911424,29777664,3133760,24895616,16252864,15826880
2026-05-13T15:45:29+01:00,server,893421222,128258,7520349,732019273,51236,0,243176,0,32911424,29774528,3136896,24892416,16252864,15826880
2026-05-13T15:45:30+01:00,server,893423641,128258,7520364,732021740,51236,0,243176,0,32911424,29771968,3139456,24889600,16252864,15826880
2026-05-13T15:45:31+01:00,server,893426115,128258,7520378,732024201,51236,0,243176,0,32911424,29775488,3135936,24893056,16252864,15826880
2026-05-13T15:45:32+01:00,server,893428566,128258,7520394,732026661,51236,0,243176,0,32911424,29774080,3137344,24891648,16252864,15826880
2026-05-13T15:45:33+01:00,server,893431043,128258,7520405,732029123,51236,0,243176,0,32911424,29767232,3144192,24884544,16252864,15826880
2026-05-13T15:45:34+01:00,server,893433447,128258,7520418,732031583,51236,0,243176,0,32911424,29770688,3140736,24888000,16252864,15826880
2026-05-13T15:45:35+01:00,server,893435919,128258,7520429,732034043,51236,0,243177,0,32911424,29771904,3139520,24889152,16252864,15826880
2026-05-13T15:45:36+01:00,server,893438366,128258,7520437,732036512,51236,0,243177,0,32911424,29767680,3143744,24884928,16252864,15826880
2026-05-13T15:45:37+01:00,server,893440817,128258,7520448,732038977,51236,0,243178,0,32911424,29769728,3141696,24886976,16252864,15826880
2026-05-13T15:45:38+01:00,server,893443261,128258,7520468,732041438,51236,0,243178,0,32911424,29768000,3143424,24885248,16252864,15826880
2026-05-13T15:45:39+01:00,server,893445711,128258,7520482,732043898,51236,0,243179,0,32911424,29768000,3143424,24885248,16252864,15826880
2026-05-13T15:45:40+01:00,server,893448186,128258,7520493,732046357,51236,0,243180,0,32911424,29768832,3142592,24886016,16252864,15826880
2026-05-13T15:45:41+01:00,server,893450660,128258,7520509,732048819,51236,0,243180,0,32911424,29770176,3141248,24887360,16252864,15826880
2026-05-13T15:45:42+01:00,server,893453131,128258,7520524,732051280,51236,0,243181,0,32911424,29770752,3140672,24887936,16252864,15826880
2026-05-13T15:45:43+01:00,server,893455567,128258,7520536,732053717,51236,0,243181,0,32911424,29771840,3139584,24889024,16252864,15826880
2026-05-13T15:45:44+01:00,server,893458040,128258,7520549,732056178,51236,0,243181,0,32911424,29769728,3141696,24886912,16252864,15826880
2026-05-13T15:45:45+01:00,server,893460512,128258,7520559,732058640,51236,0,243183,0,32911424,29767424,3144000,24884608,16252864,15826880
2026-05-13T15:45:47+01:00,server,893462985,128258,7520574,732061099,51236,0,243183,0,32911424,29767040,3144384,24884224,16252864,15826880
2026-05-13T15:45:48+01:00,server,893465364,128258,7520587,732063615,51236,0,243183,0,32911424,29764224,3147200,24881408,16252864,15826880
2026-05-13T15:45:49+01:00,server,893467819,128258,7520590,732066089,51236,0,243185,0,32911424,29760832,3150592,24877952,16252864,15826880
2026-05-13T15:45:50+01:00,server,893470259,128258,7520602,732068557,51236,0,243186,0,32911424,29758144,3153280,24875264,16252864,15826880
2026-05-13T15:45:51+01:00,server,893472734,128258,7520615,732071025,51236,0,243186,0,32911424,29756480,3154944,24873600,16252864,15826880
2026-05-13T15:45:52+01:00,server,893475183,128258,7520630,732073487,51236,0,243186,0,32911424,29756928,3154496,24873920,16252864,15826880
2026-05-13T15:45:53+01:00,server,893477639,128258,7520638,732075948,51236,0,243186,0,32911424,29757312,3154112,24874304,16252864,15826880
2026-05-13T15:45:54+01:00,server,893480112,128258,7520652,732078409,51236,0,243186,0,32911424,29755968,3155456,24872960,16252864,15826880
2026-05-13T15:45:55+01:00,server,893482562,128258,7520687,732080872,51236,0,243187,0,32911424,29758656,3152768,24875648,16252864,15826880
2026-05-13T15:45:56+01:00,server,893485037,128258,7520701,732083334,51236,0,243187,0,32911424,29758656,3152768,24875648,16252864,15826880
2026-05-13T15:45:57+01:00,server,893487488,128258,7520714,732085797,51236,0,243188,0,32911424,29757504,3153920,24874496,16252864,15826880
2026-05-13T15:45:58+01:00,server,893489937,128258,7520727,732088257,51236,0,243188,0,32911424,29758016,3153408,24875008,16252864,15826880
2026-05-13T15:45:59+01:00,server,893492429,128258,7520751,732090692,51236,0,243188,0,32911424,29761152,3150272,24878080,16252864,15826880
2026-05-13T15:46:00+01:00,server,893494878,128258,7520761,732093156,51236,0,243189,0,32911424,29761152,3150272,24878080,16252864,15826880
2026-05-13T15:46:01+01:00,server,893497347,128258,7520770,732095627,51236,0,243189,0,32911424,29763968,3147456,24880896,16252864,15826880
2026-05-13T15:46:02+01:00,server,893499818,128258,7520785,732098088,51236,0,243189,0,32911424,29761024,3150400,24877952,16252864,15826880
2026-05-13T15:46:03+01:00,server,893502242,128258,7520798,732100549,51236,0,243189,0,32911424,29762752,3148672,24879680,16252864,15826880
2026-05-13T15:46:04+01:00,server,893504716,128258,7520813,732103008,51236,0,243189,0,32911424,29760832,3150592,24877760,16252864,15826880
2026-05-13T15:46:05+01:00,server,893507187,128258,7520828,732105469,51236,0,243192,0,32911424,29762560,3148864,24879488,16252864,15826880
2026-05-13T15:46:06+01:00,server,893509617,128258,7520840,732107930,51236,0,243192,0,32911424,29762176,3149248,24879104,16252864,15826880
2026-05-13T15:46:07+01:00,server,893512068,128258,7520854,732110391,51236,0,243192,0,32911424,29764928,3146496,24881792,16252864,15826880
2026-05-13T15:46:08+01:00,server,893514430,128258,7520870,732112908,51236,0,243193,0,32911424,29756800,3154624,24873664,16252864,15826880
2026-05-13T15:46:09+01:00,server,893516893,128258,7520879,732115371,51236,0,243193,0,32911424,29752640,3158784,24869504,16252864,15826880
2026-05-13T15:46:10+01:00,server,893519366,128258,7520889,732117833,51236,0,243194,0,32911424,29752832,3158592,24869696,16252864,15826880
2026-05-13T15:46:11+01:00,server,893521815,128258,7520902,732120299,51236,0,243195,0,32911424,29752000,3159424,24868800,16252864,15826880
2026-05-13T15:46:12+01:00,server,893524267,128258,7520907,732122766,51236,0,243195,0,32911424,29754944,3156480,24871744,16252864,15826880
2026-05-13T15:46:13+01:00,server,893526747,128258,7520931,732125206,51236,0,243195,0,32911424,29752128,3159296,24868864,16252864,15826880
2026-05-13T15:46:14+01:00,server,893529196,128258,7520945,732127667,51236,0,243197,0,32911424,29752448,3158976,24869184,16252864,15826880
2026-05-13T15:46:15+01:00,server,893531676,128258,7520959,732130120,51236,0,243197,0,32911424,29751872,3159552,24868608,16252864,15826880
2026-05-13T15:46:16+01:00,server,893534125,128258,7520975,732132582,51236,0,243197,0,32911424,29752320,3159104,24869056,16252864,15826880
2026-05-13T15:46:17+01:00,server,893536554,128258,7521011,732135043,51237,0,243198,0,32911424,29752512,3158912,24869248,16252864,15826880
2026-05-13T15:46:18+01:00,server,893539029,128258,7521022,732137502,51237,0,243200,0,32911424,29752320,3159104,24869056,16252864,15826880
2026-05-13T15:46:19+01:00,server,893541480,128258,7521050,732139960,51237,0,243201,0,32911424,29753472,3157952,24870208,16252864,15826880
2026-05-13T15:46:20+01:00,server,893543955,128258,7521062,732142422,51237,0,243201,0,32911424,29753856,3157568,24870592,16252864,15826880
2026-05-13T15:46:21+01:00,server,893546406,128258,7521074,732144881,51237,0,243201,0,32911424,29747520,3163904,24864256,16252864,15826880
2026-05-13T15:46:22+01:00,server,893548879,128258,7521090,732147339,51237,0,243201,0,32911424,29749632,3161792,24866368,16252864,15826880
2026-05-13T15:46:24+01:00,server,893551352,128258,7521104,732149802,51237,0,243202,0,32911424,29748096,3163328,24864832,16252864,15826880
2026-05-13T15:46:25+01:00,server,893553819,128258,7521116,732152276,51237,0,243202,0,32911424,29746944,3164480,24863680,16252864,15826880
2026-05-13T15:46:26+01:00,server,893556283,128258,7521133,732154739,51237,0,243202,0,32911424,29746560,3164864,24863232,16252864,15826880
2026-05-13T15:46:27+01:00,server,893558721,128258,7521153,732157198,51237,0,243202,0,32911424,29747136,3164288,24863808,16252864,15826880
2026-05-13T15:46:28+01:00,server,893561172,128258,7521165,732159658,51237,0,243203,0,32911424,29746752,3164672,24863424,16252864,15826880
2026-05-13T15:46:29+01:00,server,893563576,128258,7521178,732162148,51237,0,243203,0,32911424,29740480,3170944,24857152,16252864,15826880
2026-05-13T15:46:30+01:00,server,893566040,128258,7521192,732164607,51237,0,243203,0,32911424,29741440,3169984,24858112,16252864,15826880
2026-05-13T15:46:31+01:00,server,893568492,128258,7521205,732167070,51237,0,243204,0,32911424,29738176,3173248,24854848,16252864,15826880
2026-05-13T15:46:32+01:00,server,893570943,128258,7521217,732169531,51237,0,243204,0,32911424,29738560,3172864,24855232,16252864,15826880
2026-05-13T15:46:33+01:00,server,893573416,128258,7521235,732171993,51237,0,243204,0,32911424,29741248,3170176,24857920,16252864,15826880
2026-05-13T15:46:34+01:00,server,893575890,128258,7521249,732174454,51237,0,243204,0,32911424,29742208,3169216,24858880,16252864,15826880
2026-05-13T15:46:35+01:00,server,893578363,128258,7521264,732176913,51237,0,243204,0,32911424,29743360,3168064,24860032,16252864,15826880
2026-05-13T15:46:36+01:00,server,893580789,128258,7521291,732179377,51237,0,243204,0,32911424,29743552,3167872,24860224,16252864,15826880
2026-05-13T15:46:37+01:00,server,893583261,128258,7521296,732181847,51237,0,243205,0,32911424,29744000,3167424,24860672,16252864,15826880
2026-05-13T15:46:38+01:00,server,893585736,128258,7521308,732184307,51237,0,243206,0,32911424,29740032,3171392,24856704,16252864,15826880
2026-05-13T15:46:39+01:00,server,893588182,128258,7521328,732186769,51237,0,243206,0,32911424,29738816,3172608,24855488,16252864,15826880
2026-05-13T15:46:40+01:00,server,893590635,128258,7521342,732189230,51237,0,243207,0,32911424,29739328,3172096,24856000,16252864,15826880
2026-05-13T15:46:41+01:00,server,893593082,128258,7521358,732191691,51237,0,243207,0,32911424,29739904,3171520,24856576,16252864,15826880
2026-05-13T15:46:42+01:00,server,893595555,128258,7521372,732194153,51237,0,243207,0,32911424,29741248,3170176,24857920,16252864,15826880
2026-05-13T15:46:43+01:00,server,893598065,128258,7521382,732196586,51237,0,243207,0,32911424,29739904,3171520,24856576,16252864,15826880
2026-05-13T15:46:44+01:00,server,893600537,128258,7521397,732199045,51237,0,243207,0,32911424,29739648,3171776,24856192,16252864,15826880
2026-05-13T15:46:45+01:00,server,893602988,128258,7521409,732201505,51237,0,243208,0,32911424,29735168,3176256,24851712,16252864,15826880
2026-05-13T15:46:46+01:00,server,893605413,128258,7521422,732203964,51237,0,243208,0,32911424,29733056,3178368,24849600,16252864,15826880
2026-05-13T15:46:47+01:00,server,893607863,128258,7521437,732206423,51237,0,243208,0,32911424,29734784,3176640,24851328,16252864,15826880
2026-05-13T15:46:48+01:00,server,893610289,128258,7521446,732208944,51237,0,243209,0,32911424,29733248,3178176,24849792,16252864,15826880
2026-05-13T15:46:49+01:00,server,893612726,128258,7521457,732211412,51237,0,243209,0,32911424,29721856,3189568,24838336,16252864,15826880
2026-05-13T15:46:50+01:00,server,893615200,128258,7521469,732213872,51237,0,243209,0,32911424,29727424,3184000,24843840,16252864,15826880
2026-05-13T15:46:51+01:00,server,893617664,128258,7521478,732216333,51237,0,243210,0,32911424,29726784,3184640,24843200,16252864,15826880
2026-05-13T15:46:52+01:00,server,893620142,128258,7521490,732218797,51237,0,243210,0,32911424,29729408,3182016,24845824,16252864,15826880
2026-05-13T15:46:53+01:00,server,893622562,128258,7521501,732221259,51237,0,243210,0,32911424,29730112,3181312,24846528,16252864,15826880
2026-05-13T15:46:54+01:00,server,893625037,128258,7521512,732223721,51237,0,243210,0,32911424,29730880,3180544,24847296,16252864,15826880
2026-05-13T15:46:55+01:00,server,893627461,128258,7521526,732226182,51237,0,243210,0,32911424,29730368,3181056,24846784,16252864,15826880
2026-05-13T15:46:56+01:00,server,893629909,128258,7521540,732228645,51237,0,243210,0,32911424,29732032,3179392,24848448,16252864,15826880
2026-05-13T15:46:57+01:00,server,893632381,128258,7521555,732231104,51237,0,243211,0,32911424,29732608,3178816,24849024,16252864,15826880
2026-05-13T15:46:58+01:00,server,893634873,128258,7521575,732233540,51237,0,243212,0,32911424,29732160,3179264,24848512,16252864,15826880
2026-05-13T15:46:59+01:00,server,893637325,128258,7521588,732235999,51237,0,243213,0,32911424,29733824,3177600,24850240,16252864,15826880
2026-05-13T15:47:00+01:00,server,893639775,128258,7521592,732238466,51237,0,243213,0,32911424,29732416,3179008,24848832,16252864,15826880
2026-05-13T15:47:02+01:00,server,893642224,128258,7521601,732240933,51237,0,243213,0,32911424,29731648,3179776,24848064,16252864,15826880
2026-05-13T15:47:03+01:00,server,893644700,128258,7521613,732243394,51237,0,243213,0,32911424,29731264,3180160,24847680,16252864,15826880
2026-05-13T15:47:04+01:00,server,893647130,128258,7521628,732245855,51237,0,243213,0,32911424,29729920,3181504,24846336,16252864,15826880
2026-05-13T15:47:05+01:00,server,893649603,128258,7521644,732248316,51237,0,243213,0,32911424,29727104,3184320,24843520,16252864,15826880
2026-05-13T15:47:06+01:00,server,893652055,128258,7521655,732250780,51237,0,243213,0,32911424,29726208,3185216,24842560,16252864,15826880
2026-05-13T15:47:07+01:00,server,893654462,128258,7521666,732253241,51237,0,243215,0,32911424,29726592,3184832,24842944,16252864,15826880
2026-05-13T15:47:08+01:00,server,893656917,128258,7521675,732255701,51237,0,243215,0,32911424,29726016,3185408,24842368,16252864,15826880
2026-05-13T15:47:09+01:00,server,893659367,128258,7521689,732258162,51237,0,243215,0,32911424,29723136,3188288,24839488,16252864,15826880
2026-05-13T15:47:10+01:00,server,893661828,128258,7521707,732260628,51237,0,243215,0,32911424,29725504,3185920,24841856,16252864,15826880
2026-05-13T15:47:11+01:00,server,893664301,128258,7521724,732263089,51237,0,243216,0,32911424,29724032,3187392,24840320,16252864,15826880
2026-05-13T15:47:12+01:00,server,893666751,128258,7521735,732265555,51237,0,243216,0,32911424,29727168,3184256,24843456,16252864,15826880
2026-05-13T15:47:13+01:00,server,893669201,128258,7521748,732268040,51237,0,243216,0,32911424,29728128,3183296,24844416,16252864,15826880
2026-05-13T15:47:14+01:00,server,893671637,128258,7521766,732270492,51237,0,243216,0,32911424,29726464,3184960,24842688,16252864,15826880
2026-05-13T15:47:15+01:00,server,893674069,128258,7521777,732273019,51237,0,243216,0,32911424,29715520,3195904,24831744,16252864,15826880
2026-05-13T15:47:16+01:00,server,893676503,128258,7521786,732275490,51237,0,243216,0,32911424,29716480,3194944,24832704,16252864,15826880
2026-05-13T15:47:17+01:00,server,893678958,128258,7521795,732277965,51237,0,243217,0,32911424,29717248,3194176,24833472,16252864,15826880
2026-05-13T15:47:18+01:00,server,893681414,128258,7521802,732280434,51237,0,243217,0,32911424,29718784,3192640,24835008,16252864,15826880
2026-05-13T15:47:19+01:00,server,893683862,128258,7521815,732282905,51237,0,243217,0,32911424,29720128,3191296,24836352,16252864,15826880
2026-05-13T15:47:20+01:00,server,893686325,128258,7521826,732285373,51237,0,243218,0,32911424,29721344,3190080,24837568,16252864,15826880
2026-05-13T15:47:21+01:00,server,893688800,128258,7521840,732287848,51237,0,243218,0,32911424,29723840,3187584,24840064,16252864,15826880
2026-05-13T15:47:22+01:00,server,893691253,128258,7521848,732290307,51237,0,243219,0,32911424,29722688,3188736,24838912,16252864,15826880
2026-05-13T15:47:23+01:00,server,893693728,128258,7521860,732292767,51237,0,243219,0,32911424,29719552,3191872,24835776,16252864,15826880
2026-05-13T15:47:24+01:00,server,893696178,128258,7521876,732295232,51237,0,243219,0,32911424,29717632,3193792,24833856,16252864,15826880
2026-05-13T15:47:25+01:00,server,893698648,128258,7521883,732297704,51237,0,243220,0,32911424,29717376,3194048,24833600,16252864,15826880
2026-05-13T15:47:26+01:00,server,893701077,128258,7521908,732300170,51237,0,243220,0,32911424,29715392,3196032,24831616,16252864,15826880
2026-05-13T15:47:27+01:00,server,893703397,128258,7521934,732302629,51237,0,243220,0,32911424,29714816,3196608,24831040,16252864,15826880
2026-05-13T15:47:28+01:00,server,893705864,128258,7521955,732305061,51237,0,243221,0,32911424,29717312,3194112,24833536,16252864,15826880
2026-05-13T15:47:29+01:00,server,893708313,128258,7521970,732307523,51237,0,243222,0,32911424,29716352,3195072,24832576,16252864,15826880
2026-05-13T15:47:30+01:00,server,893710789,128258,7521979,732309984,51237,0,243222,0,32911424,29717696,3193728,24833920,16252864,15826880
2026-05-13T15:47:31+01:00,server,893713303,128258,7522015,732312360,51237,0,243222,0,32911424,29708736,3202688,24823872,16252864,15826880
2026-05-13T15:47:32+01:00,server,893715853,128258,7522030,732314717,51237,0,243222,0,32911424,29701760,3209664,24816896,16252864,15826880
2026-05-13T15:47:33+01:00,server,893718340,128258,7522049,732317153,51237,0,243226,0,32911424,29708544,3202880,24821952,16252864,15826880
2026-05-13T15:47:34+01:00,server,893720791,128258,7522062,732319611,51237,0,243227,0,32911424,29712384,3199040,24825792,16252864,15826880
2026-05-13T15:47:35+01:00,server,893723242,128258,7522074,732322071,51237,0,243227,0,32911424,29708544,3202880,24821952,16252864,15826880
2026-05-13T15:47:36+01:00,server,893725670,128258,7522083,732324536,51237,0,243227,0,32911424,29710976,3200448,24824384,16252864,15826880
2026-05-13T15:47:37+01:00,server,893728140,128258,7522090,732327007,51237,0,243227,0,32911424,29713152,3198272,24826496,16252864,15826880
2026-05-13T15:47:39+01:00,server,893730596,128258,7522109,732329470,51237,0,243227,0,32911424,29710848,3200576,24824192,16252864,15826880
2026-05-13T15:47:40+01:00,server,893733009,128258,7522125,732331992,51237,0,243227,0,32911424,29700736,3210688,24814080,16252864,15826880
2026-05-13T15:47:41+01:00,server,893735461,128258,7522133,732334459,51237,0,243228,0,32911424,29700864,3210560,24814208,16252864,15826880
2026-05-13T15:47:42+01:00,server,893737905,128258,7522146,732336923,51237,0,243228,0,32911424,29702912,3208512,24816256,16252864,15826880
2026-05-13T15:47:43+01:00,server,893740356,128258,7522156,732339388,51237,0,243228,0,32911424,29702336,3209088,24815680,16252864,15826880
2026-05-13T15:47:44+01:00,server,893742847,128258,7522166,732341831,51237,0,243229,0,32911424,29704064,3207360,24817344,16252864,15826880
2026-05-13T15:47:45+01:00,server,893745269,128258,7522176,732344296,51237,0,243229,0,32911424,29702720,3208704,24816000,16252864,15826880
2026-05-13T15:47:46+01:00,server,893747741,128258,7522189,732346765,51237,0,243230,0,32911424,29705600,3205824,24818880,16252864,15826880
2026-05-13T15:47:47+01:00,server,893750167,128258,7522202,732349236,51237,0,243231,0,32911424,29703168,3208256,24816384,16252864,15826880
2026-05-13T15:47:48+01:00,server,893752640,128258,7522217,732351696,51237,0,243231,0,32911424,29699712,3211712,24812928,16252864,15826880
2026-05-13T15:47:49+01:00,server,893755112,128258,7522226,732354166,51237,0,243231,0,32911424,29696512,3214912,24809728,16252864,15826880
2026-05-13T15:47:50+01:00,server,893757561,128258,7522236,732356633,51237,0,243231,0,32911424,29695936,3215488,24809152,16252864,15826880
2026-05-13T15:47:51+01:00,server,893760013,128258,7522248,732359092,51237,0,243231,0,32911424,29696512,3214912,24809728,16252864,15826880
2026-05-13T15:47:52+01:00,server,893762487,128258,7522259,732361554,51237,0,243232,0,32911424,29697088,3214336,24810304,16252864,15826880
2026-05-13T15:47:53+01:00,server,893764958,128258,7522275,732364014,51237,0,243232,0,32911424,29697792,3213632,24811008,16252864,15826880
2026-05-13T15:47:54+01:00,server,893767409,128258,7522288,732366474,51237,0,243233,0,32911424,29700288,3211136,24813504,16252864,15826880
2026-05-13T15:47:55+01:00,server,893769837,128258,7522300,732368936,51237,0,243234,0,32911424,29698368,3213056,24811584,16252864,15826880
2026-05-13T15:47:56+01:00,server,893772263,128258,7522318,732371395,51237,0,243234,0,32911424,29703552,3207872,24816768,16252864,15826880
2026-05-13T15:47:57+01:00,server,893774735,128258,7522332,732373855,51237,0,243235,0,32911424,29700800,3210624,24814016,16252864,15826880
2026-05-13T15:47:58+01:00,server,893777201,128258,7522353,732376290,51237,0,243235,0,32911424,29700224,3211200,24813440,16252864,15826880
2026-05-13T15:47:59+01:00,server,893779628,128258,7522367,732378750,51237,0,243235,0,32911424,29701120,3210304,24814208,16252864,15826880
2026-05-13T15:48:00+01:00,server,893782098,128258,7522382,732381210,51237,0,243235,0,32911424,29701056,3210368,24814144,16252864,15826880
2026-05-13T15:48:01+01:00,server,893784562,128258,7522390,732383680,51237,0,243235,0,32911424,29700864,3210560,24813952,16252864,15826880
2026-05-13T15:48:02+01:00,server,893787020,128258,7522406,732386146,51237,0,243235,0,32911424,29697984,3213440,24811072,16252864,15826880
2026-05-13T15:48:03+01:00,server,893789484,128258,7522424,732388608,51237,0,243235,0,32911424,29697984,3213440,24811072,16252864,15826880
2026-05-13T15:48:04+01:00,server,893791922,128258,7522434,732391076,51237,0,243235,0,32911424,29697600,3213824,24810688,16252864,15826880
2026-05-13T15:48:05+01:00,server,893794328,128258,7522447,732393604,51237,0,243235,0,32911424,29692736,3218688,24805760,16252864,15826880
2026-05-13T15:48:06+01:00,server,893796802,128258,7522457,732396076,51237,0,243236,0,32911424,29686784,3224640,24799808,16252864,15826880
2026-05-13T15:48:07+01:00,server,893799253,128258,7522467,732398546,51237,0,243236,0,32911424,29691584,3219840,24804608,16252864,15826880
2026-05-13T15:48:08+01:00,server,893801707,128258,7522476,732401019,51237,0,243236,0,32911424,29691392,3220032,24804416,16252864,15826880
2026-05-13T15:48:09+01:00,server,893804162,128258,7522484,732403486,51237,0,243236,0,32911424,29693312,3218112,24806336,16252864,15826880
2026-05-13T15:48:10+01:00,server,893806579,128258,7522497,732405959,51237,0,243236,0,32911424,29695616,3215808,24808640,16252864,15826880
2026-05-13T15:48:11+01:00,server,893809052,128258,7522512,732408431,51237,0,243236,0,32911424,29692352,3219072,24805376,16252864,15826880
2026-05-13T15:48:12+01:00,server,893811526,128258,7522524,732410897,51237,0,243236,0,32911424,29692288,3219136,24805312,16252864,15826880
2026-05-13T15:48:13+01:00,server,893813934,128258,7522540,732413344,51237,0,243237,0,32911424,29696704,3214720,24809728,16252864,15826880
2026-05-13T15:48:14+01:00,server,893816382,128258,7522555,732415808,51237,0,243238,0,32911424,29694528,3216896,24807552,16252864,15826880
2026-05-13T15:48:16+01:00,server,893818851,128258,7522565,732418262,51237,0,243238,0,32911424,29695168,3216256,24808192,16252864,15826880
2026-05-13T15:48:17+01:00,server,893821322,128258,7522580,732420724,51237,0,243240,0,32911424,29693504,3217920,24806144,16252864,15826880
2026-05-13T15:48:18+01:00,server,893823795,128258,7522593,732423186,51237,0,243240,0,32911424,29692928,3218496,24805568,16252864,15826880
2026-05-13T15:48:19+01:00,server,893826249,128258,7522606,732425648,51237,0,243240,0,32911424,29694656,3216768,24807232,16252864,15826880
2026-05-13T15:48:20+01:00,server,893828679,128258,7522616,732428106,51237,0,243241,0,32911424,29696704,3214720,24809280,16252864,15826880
2026-05-13T15:48:21+01:00,server,893831108,128258,7522632,732430567,51237,0,243241,0,32911424,29697664,3213760,24810240,16252864,15826880
2026-05-13T15:48:22+01:00,server,893833577,128258,7522646,732433028,51238,0,243242,0,32911424,29696448,3214976,24809024,16252864,15826880
2026-05-13T15:48:23+01:00,server,893836029,128258,7522659,732435490,51238,0,243243,0,32911424,29696640,3214784,24809216,16252864,15826880
2026-05-13T15:48:24+01:00,server,893838503,128258,7522673,732437950,51238,0,243244,0,32911424,29693184,3218240,24805760,16252864,15826880
2026-05-13T15:48:25+01:00,server,893840944,128258,7522687,732440416,51238,0,243245,0,32911424,29693248,3218176,24805824,16252864,15826880
2026-05-13T15:48:26+01:00,server,893843416,128258,7522693,732442885,51238,0,243245,0,32911424,29692800,3218624,24805312,16252864,15826880
2026-05-13T15:48:27+01:00,server,893845887,128258,7522709,732445347,51238,0,243246,0,32911424,29692480,3218944,24804928,16252864,15826880
2026-05-13T15:48:28+01:00,server,893848330,128258,7522731,732447809,51238,0,243246,0,32911424,29691712,3219712,24804160,16252864,15826880
2026-05-13T15:48:29+01:00,server,893850818,128258,7522761,732450245,51238,0,243246,0,32911424,29692416,3219008,24804864,16252864,15826880
2026-05-13T15:48:30+01:00,server,893853196,128258,7522777,732452768,51238,0,243246,0,32911424,29686272,3225152,24798720,16252864,15826880
2026-05-13T15:48:31+01:00,server,893855617,128258,7522786,732455254,51238,0,243247,0,32911424,29667840,3243584,24780288,16252864,15826880
2026-05-13T15:48:32+01:00,server,893858059,128258,7522799,732457734,51238,0,243248,0,32911424,29670784,3240640,24783232,16252864,15826880
2026-05-13T15:48:33+01:00,server,893860494,128258,7522810,732460214,51238,0,243248,0,32911424,29671488,3239936,24783936,16252864,15826880
2026-05-13T15:48:34+01:00,server,893862946,128258,7522820,732462691,51238,0,243248,0,32911424,29670336,3241088,24782784,16252864,15826880
2026-05-13T15:48:35+01:00,server,893865388,128258,7522833,732465169,51238,0,243248,0,32911424,29668864,3242560,24781312,16252864,15826880
2026-05-13T15:48:36+01:00,server,893867815,128258,7522840,732467646,51238,0,243249,0,32911424,29668352,3243072,24780736,16252864,15826880
2026-05-13T15:48:37+01:00,server,893870258,128258,7522848,732470132,51238,0,243249,0,32911424,29667904,3243520,24780288,16252864,15826880
2026-05-13T15:48:38+01:00,server,893872694,128258,7522853,732472616,51238,0,243249,0,32911424,29665344,3246080,24777728,16252864,15826880
2026-05-13T15:48:39+01:00,server,893875108,128258,7522862,732475107,51238,0,243249,0,32911424,29665728,3245696,24778112,16252864,15826880
2026-05-13T15:48:40+01:00,server,893877574,128258,7522872,732477584,51238,0,243249,0,32911424,29666304,3245120,24778688,16252864,15826880
2026-05-13T15:48:41+01:00,server,893879988,128258,7522882,732480062,51238,0,243249,0,32911424,29668800,3242624,24781184,16252864,15826880
2026-05-13T15:48:42+01:00,server,893882410,128258,7522890,732482543,51238,0,243249,0,32911424,29668800,3242624,24781184,16252864,15826880
2026-05-13T15:48:43+01:00,server,893884877,128258,7522906,732484995,51238,0,243249,0,32911424,29665472,3245952,24777856,16252864,15826880
2026-05-13T15:48:44+01:00,server,893887289,128258,7522916,732487476,51238,0,243250,0,32911424,29663744,3247680,24776128,16252864,15826880
2026-05-13T15:48:45+01:00,server,893889738,128258,7522927,732489959,51238,0,243250,0,32911424,29662528,3248896,24774912,16252864,15826880
2026-05-13T15:48:46+01:00,server,893892189,128258,7522939,732492417,51238,0,243250,0,32911424,29664384,3247040,24776768,16252864,15826880
2026-05-13T15:48:47+01:00,server,893894641,128258,7522950,732494876,51238,0,243250,0,32911424,29662400,3249024,24774656,16252864,15826880
2026-05-13T15:48:48+01:00,server,893897114,128258,7522963,732497335,51238,0,243250,0,32911424,29665152,3246272,24777408,16252864,15826880
2026-05-13T15:48:49+01:00,server,893899551,128258,7522975,732499800,51238,0,243250,0,32911424,29664192,3247232,24776448,16252864,15826880
2026-05-13T15:48:50+01:00,server,893902001,128258,7522985,732502268,51238,0,243250,0,32911424,29658432,3252992,24770624,16252864,15826880
2026-05-13T15:48:51+01:00,server,893904452,128258,7522996,732504729,51238,0,243251,0,32911424,29660096,3251328,24772288,16252864,15826880
2026-05-13T15:48:52+01:00,server,893906892,128258,7523010,732507197,51238,0,243252,0,32911424,29659200,3252224,24771392,16252864,15826880
2026-05-13T15:48:54+01:00,server,893909324,128258,7523027,732509670,51238,0,243253,0,32911424,29658240,3253184,24770432,16252864,15826880
2026-05-13T15:48:55+01:00,server,893911759,128258,7523045,732512146,51238,0,243253,0,32911424,29656064,3255360,24768256,16252864,15826880
2026-05-13T15:48:56+01:00,server,893914190,128258,7523059,732514628,51238,0,243254,0,32911424,29655232,3256192,24767424,16252864,15826880
2026-05-13T15:48:57+01:00,server,893916652,128258,7523074,732517113,51238,0,243256,0,32911424,29653632,3257792,24765824,16252864,15826880
2026-05-13T15:48:58+01:00,server,893919030,128258,7523096,732519604,51238,0,243256,0,32911424,29652480,3258944,24764672,16252864,15826880
2026-05-13T15:48:59+01:00,server,893921424,128258,7523119,732522071,51238,0,243256,0,32911424,29652416,3259008,24764608,16252864,15826880
2026-05-13T15:49:00+01:00,server,893923791,128258,7523137,732524572,51238,0,243257,0,32911424,29648512,3262912,24760704,16252864,15826880
2026-05-13T15:49:01+01:00,server,893926251,128258,7523146,732527077,51238,0,243258,0,32911424,29648320,3263104,24760512,16252864,15826880
2026-05-13T15:49:02+01:00,server,893928664,128258,7523166,732529596,51238,0,243258,0,32911424,29648448,3262976,24760640,16252864,15826880
2026-05-13T15:49:03+01:00,server,893931000,128258,7523210,732532109,51238,0,243258,0,32911424,29648256,3263168,24760448,16252864,15826880
2026-05-13T15:49:04+01:00,server,893933392,128258,7523226,732534620,51238,0,243258,0,32911424,29647296,3264128,24759488,16252864,15826880
2026-05-13T15:49:05+01:00,server,893935716,128258,7523257,732537203,51238,0,243258,0,32911424,29640448,3270976,24752576,16252864,15826880
2026-05-13T15:49:06+01:00,server,893938130,128258,7523268,732539691,51238,0,243258,0,32911424,29619136,3292288,24731200,16252864,15826880
2026-05-13T15:49:07+01:00,server,893940550,128258,7523281,732542181,51238,0,243258,0,32911424,29623552,3287872,24735616,16252864,15826880
2026-05-13T15:49:08+01:00,server,893942953,128258,7523294,732544669,51238,0,243258,0,32911424,29624000,3287424,24736064,16252864,15826880
2026-05-13T15:49:09+01:00,server,893945394,128258,7523304,732547158,51238,0,243258,0,32911424,29625856,3285568,24737920,16252864,15826880
2026-05-13T15:49:10+01:00,server,893947789,128258,7523315,732549647,51238,0,243258,0,32911424,29628288,3283136,24740352,16252864,15826880
2026-05-13T15:49:11+01:00,server,893950207,128258,7523328,732552135,51238,0,243258,0,32911424,29625344,3286080,24737408,16252864,15826880
2026-05-13T15:49:12+01:00,server,893952622,128258,7523337,732554623,51238,0,243258,0,32911424,29627200,3284224,24739264,16252864,15826880
2026-05-13T15:49:13+01:00,server,893955084,128258,7523348,732557086,51238,0,243258,0,32911424,29625024,3286400,24737088,16252864,15826880
2026-05-13T15:49:14+01:00,server,893957486,128258,7523354,732559583,51238,0,243258,0,32911424,29624640,3286784,24736704,16252864,15826880
2026-05-13T15:49:15+01:00,server,893959920,128258,7523359,732562081,51238,0,243260,0,32911424,29626944,3284480,24739008,16252864,15826880
2026-05-13T15:49:16+01:00,server,893962343,128258,7523371,732564577,51238,0,243260,0,32911424,29623168,3288256,24735232,16252864,15826880
2026-05-13T15:49:17+01:00,server,893964748,128258,7523383,732567065,51238,0,243260,0,32911424,29621376,3290048,24733440,16252864,15826880
2026-05-13T15:49:18+01:00,server,893967179,128258,7523394,732569561,51238,0,243261,0,32911424,29622336,3289088,24734400,16252864,15826880
2026-05-13T15:49:19+01:00,server,893969601,128258,7523409,732572056,51238,0,243261,0,32911424,29619968,3291456,24732032,16252864,15826880
2026-05-13T15:49:20+01:00,server,893972015,128258,7523415,732574552,51238,0,243262,0,32911424,29620096,3291328,24732160,16252864,15826880
2026-05-13T15:49:21+01:00,server,893974437,128258,7523424,732577048,51238,0,243262,0,32911424,29617344,3294080,24729408,16252864,15826880
2026-05-13T15:49:22+01:00,server,893976844,128258,7523435,732579544,51238,0,243262,0,32911424,29615488,3295936,24727552,16252864,15826880
2026-05-13T15:49:23+01:00,server,893979264,128258,7523444,732582040,51238,0,243263,0,32911424,29615168,3296256,24727232,16252864,15826880
2026-05-13T15:49:24+01:00,server,893981691,128258,7523457,732584530,51238,0,243263,0,32911424,29614976,3296448,24727040,16252864,15826880
2026-05-13T15:49:25+01:00,server,893984101,128258,7523471,732587026,51238,0,243263,0,32911424,29611712,3299712,24723776,16252864,15826880
2026-05-13T15:49:26+01:00,server,893986515,128258,7523474,732589531,51238,0,243263,0,32911424,29610624,3300800,24722688,16252864,15826880
2026-05-13T15:49:27+01:00,server,893988947,128258,7523485,732592030,51238,0,243263,0,32911424,29602880,3308544,24714944,16252864,15826880
2026-05-13T15:49:28+01:00,server,893991384,128258,7523497,732594499,51238,0,243263,0,32911424,29605120,3306304,24717120,16252864,15826880
2026-05-13T15:49:29+01:00,server,893993816,128258,7523505,732596993,51238,0,243263,0,32911424,29602688,3308736,24714688,16252864,15826880
2026-05-13T15:49:30+01:00,server,893996237,128258,7523518,732599489,51238,0,243263,0,32911424,29600128,3311296,24712128,16252864,15826880
2026-05-13T15:49:31+01:00,server,893998640,128262,7523534,732601979,51238,0,243263,0,32911424,29601024,3310400,24712896,16252864,15826880
2026-05-13T15:49:33+01:00,server,894001072,128262,7523547,732604460,51238,0,243263,0,32911424,29596992,3314432,24708864,16252864,15826880
2026-05-13T15:49:34+01:00,server,894003497,128262,7523560,732606952,51238,0,243263,0,32911424,29598848,3312576,24710720,16252864,15826880
2026-05-13T15:49:35+01:00,server,894005919,128262,7523569,732609441,51238,0,243264,0,32911424,29602112,3309312,24713984,16252864,15826880
2026-05-13T15:49:36+01:00,server,894008340,128262,7523581,732611932,51238,0,243264,0,32911424,29599168,3312256,24710976,16252864,15826880
2026-05-13T15:49:37+01:00,server,894010748,128262,7523592,732614426,51238,0,243265,0,32911424,29601408,3310016,24713216,16252864,15826880
2026-05-13T15:49:38+01:00,server,894013118,128262,7523605,732616967,51238,0,243265,0,32911424,29597312,3314112,24709120,16252864,15826880
2026-05-13T15:49:39+01:00,server,894015453,128262,7523618,732619515,51238,0,243267,0,32911424,29596480,3314944,24708288,16252864,15826880
2026-05-13T15:49:40+01:00,server,894017713,128262,7523643,732622059,51238,0,243267,0,32911424,29594624,3316800,24706432,16252864,15826880
2026-05-13T15:49:41+01:00,server,894020133,128262,7523661,732624602,51238,0,243267,0,32911424,29594048,3317376,24705856,16252864,15826880
2026-05-13T15:49:42+01:00,server,894022480,128262,7523678,732627148,51238,0,243267,0,32911424,29593664,3317760,24705472,16252864,15826880
2026-05-13T15:49:43+01:00,server,894024718,128262,7523694,732629696,51238,0,243267,0,32911424,29593984,3317440,24705792,16252864,15826880
2026-05-13T15:49:44+01:00,server,894027004,128262,7523709,732632225,51238,0,243267,0,32911424,29594880,3316544,24706624,16252864,15826880
2026-05-13T15:49:45+01:00,server,894029315,128262,7523731,732634779,51238,0,243267,0,32911424,29595392,3316032,24707136,16252864,15826880
2026-05-13T15:49:46+01:00,server,894031688,128262,7523760,732637363,51238,0,243267,0,32911424,29596352,3315072,24708096,16252864,15826880
2026-05-13T15:49:47+01:00,server,894034213,128262,7523772,732639978,51238,0,243268,0,32911424,29591872,3319552,24703616,16252864,15826880
2026-05-13T15:49:48+01:00,server,894036635,128262,7523786,732642546,51238,0,243268,0,32911424,29589504,3321920,24701248,16252864,15826880
2026-05-13T15:49:49+01:00,server,894038922,128262,7523810,732645115,51238,0,243269,0,32911424,29592512,3318912,24704256,16252864,15826880
2026-05-13T15:49:50+01:00,server,894041308,128262,7523818,732647692,51238,0,243269,0,32911424,29588224,3323200,24699968,16252864,15826880
2026-05-13T15:49:51+01:00,server,894043678,128262,7523831,732650272,51238,0,243270,0,32911424,29589632,3321792,24701376,16252864,15826880
2026-05-13T15:49:52+01:00,server,894046025,128262,7523847,732652849,51238,0,243271,0,32911424,29591104,3320320,24702848,16252864,15826880
2026-05-13T15:49:53+01:00,server,894048388,128262,7523859,732655431,51238,0,243271,0,32911424,29591360,3320064,24703104,16252864,15826880
2026-05-13T15:49:54+01:00,server,894050735,128262,7523871,732658013,51238,0,243271,0,32911424,29587648,3323776,24699392,16252864,15826880
2026-05-13T15:49:55+01:00,server,894052994,128262,7523889,732660599,51238,0,243271,0,32911424,29588736,3322688,24700480,16252864,15826880
2026-05-13T15:49:56+01:00,server,894055339,128262,7523912,732663186,51238,0,243271,0,32911424,29588544,3322880,24700288,16252864,15826880
2026-05-13T15:49:57+01:00,server,894057660,128262,7523935,732665777,51238,0,243271,0,32911424,29587520,3323904,24699200,16252864,15826880
2026-05-13T15:49:58+01:00,server,894060033,128262,7523964,732668345,51238,0,243272,0,32911424,29589440,3321984,24701120,16252864,15826880
2026-05-13T15:49:59+01:00,server,894062369,128262,7523975,732670914,51238,0,243272,0,32911424,29578560,3332864,24690240,16252864,15826880
2026-05-13T15:50:00+01:00,server,894064762,128262,7523985,732673443,51238,0,243272,0,32911424,29572352,3339072,24684032,16252864,15826880
2026-05-13T15:50:01+01:00,server,894067192,128262,7523995,732675935,51238,0,243272,0,32911424,29561920,3349504,24673600,16252864,15826880
2026-05-13T15:50:02+01:00,server,894069622,128262,7523996,732678441,51238,0,243272,0,32911424,29563008,3348416,24674560,16252864,15826880
2026-05-13T15:50:03+01:00,server,894072083,128262,7524009,732680953,51238,0,243272,0,32911424,29563264,3348160,24674816,16252864,15826880
2026-05-13T15:50:04+01:00,server,894074497,128262,7524024,732683484,51238,0,243272,0,32911424,29561344,3350080,24672896,16252864,15826880
2026-05-13T15:50:05+01:00,server,894076930,128262,7524037,732685978,51238,0,243273,0,32911424,29562624,3348800,24674176,16252864,15826880
2026-05-13T15:50:07+01:00,server,894079371,128262,7524050,732688473,51238,0,243274,0,32911424,29563200,3348224,24674752,16252864,15826880
2026-05-13T15:50:08+01:00,server,894081788,128262,7524062,732690971,51238,0,243274,0,32911424,29563904,3347520,24675456,16252864,15826880
2026-05-13T15:50:09+01:00,server,894084184,128262,7524076,732693504,51238,0,243275,0,32911424,29565504,3345920,24676992,16252864,15826880
2026-05-13T15:50:10+01:00,server,894086599,128262,7524088,732696001,51238,0,243275,0,32911424,29567040,3344384,24678528,16252864,15826880
2026-05-13T15:50:11+01:00,server,894089027,128262,7524097,732698495,51238,0,243278,0,32911424,29568192,3343232,24679680,16252864,15826880
2026-05-13T15:50:12+01:00,server,894091467,128262,7524108,732700990,51238,0,243278,0,32911424,29565312,3346112,24676800,16252864,15826880
2026-05-13T15:50:13+01:00,server,894093867,128262,7524125,732703526,51238,0,243278,0,32911424,29566656,3344768,24678144,16252864,15826880
2026-05-13T15:50:14+01:00,server,894096320,128262,7524143,732705997,51238,0,243278,0,32911424,29567296,3344128,24678720,16252864,15826880
2026-05-13T15:50:15+01:00,server,894098756,128262,7524151,732708503,51238,0,243278,0,32911424,29564992,3346432,24676416,16252864,15826880
2026-05-13T15:50:16+01:00,server,894101197,128262,7524164,732710993,51238,0,243280,0,32911424,29559232,3352192,24670656,16252864,15826880
2026-05-13T15:50:17+01:00,server,894103608,128262,7524176,732713528,51238,0,243280,0,32911424,29560448,3350976,24671808,16252864,15826880
2026-05-13T15:50:18+01:00,server,894106038,128262,7524189,732716027,51238,0,243280,0,32911424,29562304,3349120,24673664,16252864,15826880
2026-05-13T15:50:19+01:00,server,894108475,128262,7524199,732718521,51238,0,243280,0,32911424,29562688,3348736,24674048,16252864,15826880
2026-05-13T15:50:20+01:00,server,894110913,128262,7524212,732721016,51238,0,243280,0,32911424,29561472,3349952,24672832,16252864,15826880
2026-05-13T15:50:21+01:00,server,894113297,128262,7524229,732723549,51238,0,243280,0,32911424,29566656,3344768,24678016,16252864,15826880
2026-05-13T15:50:22+01:00,server,894115726,128262,7524237,732726046,51238,0,243281,0,32911424,29563072,3348352,24674432,16252864,15826880
2026-05-13T15:50:23+01:00,server,894118156,128262,7524246,732728542,51238,0,243281,0,32911424,29562880,3348544,24674240,16252864,15826880
2026-05-13T15:50:24+01:00,server,894120586,128262,7524258,732731035,51238,0,243281,0,32911424,29565952,3345472,24677312,16252864,15826880
2026-05-13T15:50:25+01:00,server,894122911,128262,7524276,732733577,51238,0,243282,0,32911424,29566528,3344896,24677888,16252864,15826880
2026-05-13T15:50:26+01:00,server,894125307,128262,7524286,732736100,51238,0,243283,0,32911424,29565696,3345728,24677056,16252864,15826880
2026-05-13T15:50:27+01:00,server,894127738,128262,7524295,732738624,51238,0,243284,0,32911424,29561344,3350080,24672704,16252864,15826880
2026-05-13T15:50:28+01:00,server,894130175,128262,7524330,732741120,51238,0,243284,0,32911424,29561536,3349888,24672832,16252864,15826880
2026-05-13T15:50:29+01:00,server,894132555,128262,7524355,732743643,51238,0,243285,0,32911424,29561664,3349760,24672960,16252864,15826880
2026-05-13T15:50:30+01:00,server,894134936,128262,7524366,732746166,51238,0,243286,0,32911424,29562688,3348736,24673984,16252864,15826880
2026-05-13T15:50:31+01:00,server,894137325,128262,7524384,732748692,51238,0,243286,0,32911424,29562304,3349120,24673600,16252864,15826880
2026-05-13T15:50:32+01:00,server,894139731,128262,7524411,732751223,51238,0,243286,0,32911424,29564224,3347200,24675520,16252864,15826880
2026-05-13T15:50:33+01:00,server,894142122,128262,7524433,732753754,51238,0,243286,0,32911424,29561536,3349888,24672704,16252864,15826880
2026-05-13T15:50:34+01:00,server,894144478,128262,7524469,732756289,51238,0,243286,0,32911424,29563264,3348160,24674240,16252864,15826880
2026-05-13T15:50:35+01:00,server,894146864,128262,7524496,732758828,51238,0,243286,0,32911424,29565888,3345536,24676864,16252864,15826880
2026-05-13T15:50:36+01:00,server,894149214,128262,7524516,732761385,51238,0,243288,0,32911424,29565120,3346304,24676096,16252864,15826880
2026-05-13T15:50:37+01:00,server,894151569,128262,7524526,732763937,51238,0,243289,0,32911424,29563584,3347840,24674560,16252864,15826880
2026-05-13T15:50:38+01:00,server,894153895,128262,7524544,732766502,51238,0,243292,0,32911424,29563328,3348096,24674304,16252864,15826880
2026-05-13T15:50:39+01:00,server,894156297,128262,7524554,732769063,51238,0,243292,0,32911424,29564864,3346560,24675840,16252864,15826880
2026-05-13T15:50:40+01:00,server,894158387,128262,7524571,732771626,51238,0,243293,0,32911424,29566272,3345152,24677184,16252864,15826880
2026-05-13T15:50:42+01:00,server,894160865,128262,7524581,732774190,51238,0,243293,0,32911424,29567616,3343808,24678528,16252864,15826880
2026-05-13T15:50:43+01:00,server,894163199,128262,7524602,732776757,51238,0,243293,0,32911424,29566848,3344576,24677760,16252864,15826880
2026-05-13T15:50:44+01:00,server,894165694,128262,7524618,732779300,51238,0,243294,0,32911424,29566976,3344448,24677888,16252864,15826880
2026-05-13T15:50:45+01:00,server,894168031,128262,7524637,732781870,51238,0,243294,0,32911424,29565824,3345600,24676736,16252864,15826880
2026-05-13T15:50:46+01:00,server,894170343,128262,7524650,732784478,51238,0,243294,0,32911424,29551552,3359872,24662464,16252864,15826880
2026-05-13T15:50:47+01:00,server,894172813,128262,7524665,732786986,51238,0,243294,0,32911424,29555520,3355904,24666432,16252864,15826880
2026-05-13T15:50:48+01:00,server,894175202,128262,7524677,732789523,51238,0,243294,0,32911424,29555520,3355904,24666368,16252864,15826880
2026-05-13T15:50:49+01:00,server,894177645,128262,7524689,732792013,51238,0,243294,0,32911424,29552832,3358592,24663680,16252864,15826880
2026-05-13T15:50:50+01:00,server,894180053,128262,7524698,732794536,51238,0,243294,0,32911424,29551296,3360128,24662144,16252864,15826880
2026-05-13T15:50:51+01:00,server,894182452,128262,7524702,732797030,51238,0,243294,0,32911424,29553600,3357824,24664448,16252864,15826880
2026-05-13T15:50:52+01:00,server,894184900,128262,7524713,732799515,51238,0,243294,0,32911424,29551104,3360320,24661952,16252864,15826880
2026-05-13T15:50:53+01:00,server,894187292,128262,7524728,732802036,51238,0,243295,0,32911424,29548416,3363008,24659264,16252864,15826880
2026-05-13T15:50:54+01:00,server,894189708,128262,7524739,732804524,51238,0,243296,0,32911424,29549760,3361664,24660608,16252864,15826880
2026-05-13T15:50:55+01:00,server,894192163,128262,7524748,732807029,51238,0,243296,0,32911424,29551232,3360192,24662080,16252864,15826880
2026-05-13T15:50:56+01:00,server,894194558,128262,7524761,732809560,51238,0,243297,0,32911424,29553664,3357760,24664512,16252864,15826880
2026-05-13T15:50:57+01:00,server,894197004,128262,7524771,732812045,51238,0,243297,0,32911424,29555008,3356416,24665856,16252864,15826880
2026-05-13T15:50:58+01:00,server,894199443,128262,7524796,732814522,51238,0,243297,0,32911424,29554368,3357056,24665216,16252864,15826880
2026-05-13T15:50:59+01:00,server,894201862,128262,7524805,732817022,51238,0,243297,0,32911424,29553920,3357504,24664704,16252864,15826880
2026-05-13T15:51:00+01:00,server,894204306,128262,7524817,732819506,51238,0,243297,0,32911424,29553216,3358208,24664000,16252864,15826880
2026-05-13T15:51:01+01:00,server,894206688,128262,7524831,732822027,51238,0,243297,0,32911424,29552320,3359104,24663104,16252864,15826880
2026-05-13T15:51:02+01:00,server,894209118,128262,7524836,732824515,51238,0,243298,0,32911424,29554560,3356864,24665344,16252864,15826880
2026-05-13T15:51:03+01:00,server,894211565,128262,7524839,732827006,51238,0,243299,0,32911424,29556416,3355008,24667200,16252864,15826880
2026-05-13T15:51:04+01:00,server,894213951,128262,7524847,732829524,51238,0,243301,0,32911424,29555584,3355840,24666368,16252864,15826880
2026-05-13T15:51:05+01:00,server,894216389,128262,7524863,732832007,51238,0,243301,0,32911424,29556672,3354752,24667456,16252864,15826880
2026-05-13T15:51:06+01:00,server,894218819,128262,7524874,732834492,51238,0,243301,0,32911424,29557440,3353984,24668224,16252864,15826880
2026-05-13T15:51:07+01:00,server,894221201,128262,7524884,732837009,51238,0,243301,0,32911424,29557120,3354304,24667840,16252864,15826880
2026-05-13T15:51:08+01:00,server,894223644,128262,7524895,732839494,51238,0,243303,0,32911424,29554432,3356992,24665152,16252864,15826880
2026-05-13T15:51:09+01:00,server,894225956,128262,7524903,732842015,51238,0,243303,0,32911424,29556416,3355008,24667136,16252864,15826880
2026-05-13T15:51:10+01:00,server,894228302,128262,7524924,732844517,51238,0,243303,0,32911424,29552192,3359232,24662912,16252864,15826880
2026-05-13T15:51:11+01:00,server,894230734,128262,7524939,732847019,51238,0,243303,0,32911424,29551616,3359808,24662336,16252864,15826880
2026-05-13T15:51:12+01:00,server,894233167,128262,7524960,732849528,51238,0,243303,0,32911424,29550208,3361216,24660928,16252864,15826880
2026-05-13T15:51:13+01:00,server,894235547,128262,7524988,732852014,51238,0,243303,0,32911424,29545472,3365952,24656128,16252864,15826880
2026-05-13T15:51:14+01:00,server,894237899,128262,7524999,732854535,51238,0,243304,0,32911424,29545472,3365952,24656128,16252864,15826880
2026-05-13T15:51:15+01:00,server,894240329,128262,7525005,732857058,51238,0,243305,0,32911424,29548928,3362496,24659584,16252864,15826880
2026-05-13T15:51:16+01:00,server,894242775,128262,7525024,732859580,51238,0,243308,0,32911424,29546816,3364608,24657472,16252864,15826880
2026-05-13T15:51:18+01:00,server,894245177,128262,7525055,732862107,51238,0,243308,0,32911424,29546816,3364608,24657472,16252864,15826880
2026-05-13T15:51:19+01:00,server,894247543,128262,7525067,732864638,51238,0,243309,0,32911424,29547008,3364416,24657664,16252864,15826880
2026-05-13T15:51:20+01:00,server,894249901,128262,7525085,732867169,51238,0,243310,0,32911424,29546816,3364608,24657472,16252864,15826880
2026-05-13T15:51:21+01:00,server,894252237,128262,7525109,732869701,51238,0,243310,0,32911424,29544320,3367104,24654976,16252864,15826880
2026-05-13T15:51:22+01:00,server,894254584,128262,7525118,732872236,51238,0,243311,0,32911424,29545280,3366144,24655936,16252864,15826880
2026-05-13T15:51:23+01:00,server,894256881,128262,7525146,732874776,51238,0,243311,0,32911424,29545664,3365760,24656320,16252864,15826880
2026-05-13T15:51:24+01:00,server,894259247,128262,7525162,732877316,51238,0,243312,0,32911424,29549504,3361920,24660160,16252864,15826880
2026-05-13T15:51:25+01:00,server,894261601,128262,7525183,732879862,51238,0,243312,0,32911424,29545152,3366272,24655808,16252864,15826880
2026-05-13T15:51:26+01:00,server,894263905,128262,7525210,732882409,51238,0,243312,0,32911424,29543424,3368000,24654080,16252864,15826880
2026-05-13T15:51:27+01:00,server,894266279,128262,7525215,732884967,51238,0,243314,0,32911424,29546944,3364480,24657600,16252864,15826880
2026-05-13T15:51:28+01:00,server,894268694,128262,7525221,732887528,51238,0,243315,0,32911424,29542912,3368512,24653568,16252864,15826880
2026-05-13T15:51:29+01:00,server,894270913,128262,7525248,732890060,51238,0,243315,0,32911424,29542720,3368704,24653376,16252864,15826880
2026-05-13T15:51:30+01:00,server,894273267,128262,7525259,732892627,51238,0,243315,0,32911424,29530752,3380672,24641344,16252864,15826880
2026-05-13T15:51:31+01:00,server,894275713,128262,7525273,732895118,51238,0,243315,0,32911424,29532288,3379136,24642880,16252864,15826880
2026-05-13T15:51:32+01:00,server,894278138,128262,7525287,732897590,51238,0,243315,0,32911424,29534720,3376704,24645312,16252864,15826880
2026-05-13T15:51:33+01:00,server,894280558,128262,7525296,732900081,51238,0,243315,0,32911424,29533760,3377664,24644352,16252864,15826880
2026-05-13T15:51:34+01:00,server,894283008,128262,7525308,732902551,51238,0,243315,0,32911424,29537280,3374144,24647808,16252864,15826880
2026-05-13T15:51:35+01:00,server,894285429,128262,7525317,732905019,51238,0,243316,0,32911424,29536704,3374720,24647232,16252864,15826880
2026-05-13T15:51:36+01:00,server,894287857,128262,7525327,732907507,51238,0,243317,0,32911424,29537280,3374144,24647808,16252864,15826880
2026-05-13T15:51:37+01:00,server,894290309,128262,7525339,732909978,51238,0,243317,0,32911424,29538432,3372992,24648960,16252864,15826880
2026-05-13T15:51:38+01:00,server,894292730,128262,7525349,732912468,51238,0,243317,0,32911424,29537472,3373952,24648000,16252864,15826880
2026-05-13T15:51:39+01:00,server,894295161,128262,7525351,732914949,51238,0,243317,0,32911424,29538048,3373376,24648576,16252864,15826880
2026-05-13T15:51:40+01:00,server,894297593,128262,7525357,732917444,51238,0,243317,0,32911424,29538816,3372608,24649344,16252864,15826880
2026-05-13T15:51:41+01:00,server,894300048,128262,7525372,732919914,51238,0,243317,0,32911424,29538688,3372736,24649216,16252864,15826880
2026-05-13T15:51:42+01:00,server,894302476,128262,7525381,732922390,51238,0,243317,0,32911424,29539264,3372160,24649792,16252864,15826880
2026-05-13T15:51:43+01:00,server,894304950,128262,7525391,732924852,51238,0,243317,0,32911424,29542656,3368768,24653120,16252864,15826880
2026-05-13T15:51:44+01:00,server,894307410,128262,7525402,732927321,51238,0,243317,0,32911424,29539008,3372416,24649472,16252864,15826880
2026-05-13T15:51:45+01:00,server,894309834,128262,7525414,732929810,51238,0,243317,0,32911424,29540928,3370496,24651392,16252864,15826880
2026-05-13T15:51:46+01:00,server,894312295,128262,7525427,732932278,51238,0,243317,0,32911424,29539648,3371776,24650112,16252864,15826880
2026-05-13T15:51:47+01:00,server,894314744,128262,7525437,732934767,51238,0,243318,0,32911424,29538432,3372992,24648896,16252864,15826880
2026-05-13T15:51:48+01:00,server,894317182,128262,7525448,732937235,51238,0,243318,0,32911424,29539968,3371456,24650432,16252864,15826880
2026-05-13T15:51:49+01:00,server,894319630,128262,7525460,732939723,51238,0,243318,0,32911424,29539200,3372224,24649664,16252864,15826880
2026-05-13T15:51:50+01:00,server,894322082,128262,7525474,732942196,51238,0,243319,0,32911424,29534272,3377152,24644736,16252864,15826880
2026-05-13T15:51:51+01:00,server,894324506,128262,7525478,732944671,51238,0,243319,0,32911424,29538112,3373312,24648576,16252864,15826880
2026-05-13T15:51:52+01:00,server,894326891,128262,7525497,732947191,51238,0,243319,0,32911424,29534656,3376768,24645120,16252864,15826880
2026-05-13T15:51:53+01:00,server,894329289,128262,7525522,732949686,51238,0,243319,0,32911424,29531584,3379840,24642048,16252864,15826880
2026-05-13T15:51:55+01:00,server,894331712,128262,7525545,732952190,51238,0,243319,0,32911424,29534272,3377152,24644736,16252864,15826880
2026-05-13T15:51:56+01:00,server,894334128,128262,7525558,732954691,51238,0,243320,0,32911424,29532736,3378688,24643200,16252864,15826880
2026-05-13T15:51:57+01:00,server,894336530,128262,7525570,732957196,51238,0,243321,0,32911424,29535488,3375936,24645952,16252864,15826880
2026-05-13T15:51:58+01:00,server,894338975,128262,7525590,732959705,51238,0,243323,0,32911424,29535104,3376320,24645568,16252864,15826880
2026-05-13T15:51:59+01:00,server,894341335,128262,7525616,732962193,51238,0,243323,0,32911424,29535680,3375744,24646144,16252864,15826880
2026-05-13T15:52:00+01:00,server,894343760,128262,7525636,732964706,51238,0,243323,0,32911424,29534528,3376896,24644992,16252864,15826880
2026-05-13T15:52:01+01:00,server,894346142,128262,7525663,732967224,51238,0,243324,0,32911424,29530176,3381248,24640640,16252864,15826880
2026-05-13T15:52:02+01:00,server,894348582,128262,7525676,732969744,51238,0,243324,0,32911424,29530048,3381376,24640512,16252864,15826880
2026-05-13T15:52:03+01:00,server,894350984,128262,7525693,732972268,51238,0,243325,0,32911424,29530304,3381120,24640768,16252864,15826880
2026-05-13T15:52:04+01:00,server,894353346,128262,7525707,732974803,51239,0,243325,0,32911424,29531456,3379968,24641920,16252864,15826880
2026-05-13T15:52:05+01:00,server,894355773,128262,7525718,732977349,51239,0,243325,0,32911424,29530240,3381184,24640640,16252864,15826880
2026-05-13T15:52:06+01:00,server,894358230,128262,7525732,732979894,51239,0,243325,0,32911424,29528832,3382592,24639232,16252864,15826880
2026-05-13T15:52:07+01:00,server,894360588,128262,7525744,732982442,51239,0,243325,0,32911424,29529088,3382336,24639488,16252864,15826880
2026-05-13T15:52:08+01:00,server,894362979,128262,7525763,732984994,51239,0,243327,0,32911424,29528896,3382528,24639296,16252864,15826880
2026-05-13T15:52:09+01:00,server,894365452,128262,7525779,732987550,51239,0,243327,0,32911424,29529280,3382144,24639680,16252864,15826880
2026-05-13T15:52:10+01:00,server,894367786,128262,7525795,732990109,51239,0,243327,0,32911424,29527424,3384000,24637824,16252864,15826880
2026-05-13T15:52:11+01:00,server,894370079,128262,7525811,732992670,51239,0,243327,0,32911424,29528000,3383424,24638400,16252864,15826880
2026-05-13T15:52:12+01:00,server,894372555,128262,7525823,732995233,51239,0,243327,0,32911424,29525632,3385792,24636096,16252864,15826880
2026-05-13T15:52:13+01:00,server,894375000,128262,7525838,732997740,51239,0,243329,0,32911424,29512576,3398848,24623040,16252864,15826880
2026-05-13T15:52:14+01:00,server,894377467,128262,7525852,733000204,51239,0,243329,0,32911424,29515264,3396160,24625728,16252864,15826880
2026-05-13T15:52:15+01:00,server,894379870,128262,7525862,733002711,51239,0,243329,0,32911424,29508928,3402496,24619392,16252864,15826880
2026-05-13T15:52:16+01:00,server,894382350,128262,7525867,733005170,51239,0,243329,0,32911424,29508096,3403328,24618560,16252864,15826880
2026-05-13T15:52:17+01:00,server,894384825,128262,7525878,733007627,51239,0,243329,0,32911424,29506368,3405056,24616832,16252864,15826880
2026-05-13T15:52:18+01:00,server,894387253,128262,7525888,733010091,51239,0,243329,0,32911424,29508672,3402752,24619136,16252864,15826880
2026-05-13T15:52:19+01:00,server,894389727,128262,7525898,733012553,51239,0,243329,0,32911424,29508928,3402496,24619392,16252864,15826880
2026-05-13T15:52:20+01:00,server,894392197,128262,7525918,733015025,51239,0,243329,0,32911424,29508992,3402432,24619456,16252864,15826880
2026-05-13T15:52:21+01:00,server,894394649,128262,7525930,733017498,51239,0,243330,0,32911424,29509184,3402240,24619648,16252864,15826880
2026-05-13T15:52:22+01:00,server,894397123,128262,7525946,733019987,51239,0,243330,0,32911424,29510720,3400704,24621184,16252864,15826880
2026-05-13T15:52:23+01:00,server,894399621,128262,7525962,733022471,51239,0,243330,0,32911424,29508608,3402816,24619072,16252864,15826880
2026-05-13T15:52:24+01:00,server,894402093,128262,7525975,733024934,51239,0,243330,0,32911424,29510528,3400896,24620992,16252864,15826880
2026-05-13T15:52:25+01:00,server,894404563,128262,7525992,733027396,51239,0,243330,0,32911424,29510912,3400512,24621376,16252864,15826880
2026-05-13T15:52:26+01:00,server,894407014,128262,7526003,733029860,51239,0,243331,0,32911424,29511488,3399936,24621952,16252864,15826880
2026-05-13T15:52:27+01:00,server,894409489,128262,7526013,733032324,51239,0,243332,0,32911424,29512320,3399104,24622784,16252864,15826880
2026-05-13T15:52:28+01:00,server,894411943,128262,7526024,733034765,51239,0,243332,0,32911424,29514432,3396992,24624896,16252864,15826880
2026-05-13T15:52:29+01:00,server,894414417,128262,7526034,733037231,51239,0,243333,0,32911424,29513792,3397632,24624256,16252864,15826880
2026-05-13T15:52:31+01:00,server,894416973,128262,7526064,733039590,51239,0,243334,0,32911424,29503488,3407936,24613952,16252864,15826880
2026-05-13T15:52:32+01:00,server,894419540,128262,7526087,733041948,51239,0,243335,0,32911424,29497920,3413504,24608320,16252864,15826880
2026-05-13T15:52:33+01:00,server,894421987,128262,7526105,733044406,51239,0,243336,0,32911424,29509824,3401600,24620224,16252864,15826880
2026-05-13T15:52:34+01:00,server,894424436,128262,7526118,733046866,51239,0,243336,0,32911424,29509824,3401600,24620224,16252864,15826880
2026-05-13T15:52:35+01:00,server,894426908,128262,7526132,733049324,51239,0,243336,0,32911424,29510208,3401216,24620608,16252864,15826880
2026-05-13T15:52:36+01:00,server,894429334,128262,7526146,733051832,51239,0,243336,0,32911424,29509504,3401920,24619840,16252864,15826880
2026-05-13T15:52:37+01:00,server,894431780,128262,7526164,733054292,51239,0,243336,0,32911424,29512448,3398976,24622720,16252864,15826880
2026-05-13T15:52:38+01:00,server,894434234,128262,7526175,733056752,51239,0,243337,0,32911424,29510784,3400640,24621056,16252864,15826880
2026-05-13T15:52:39+01:00,server,894436705,128262,7526189,733059213,51239,0,243337,0,32911424,29511680,3399744,24621952,16252864,15826880
2026-05-13T15:52:40+01:00,server,894439172,128262,7526204,733061675,51239,0,243337,0,32911424,29512256,3399168,24622528,16252864,15826880
2026-05-13T15:52:41+01:00,server,894441646,128262,7526209,733064146,51239,0,243337,0,32911424,29509376,3402048,24619648,16252864,15826880
2026-05-13T15:52:42+01:00,server,894444073,128262,7526220,733066609,51239,0,243338,0,32911424,29507648,3403776,24617920,16252864,15826880
2026-05-13T15:52:43+01:00,server,894446547,128262,7526232,733069072,51239,0,243338,0,32911424,29507456,3403968,24617728,16252864,15826880
2026-05-13T15:52:44+01:00,server,894448990,128262,7526252,733071503,51239,0,243338,0,32911424,29509056,3402368,24619264,16252864,15826880
2026-05-13T15:52:45+01:00,server,894451436,128262,7526266,733073965,51239,0,243340,0,32911424,29506752,3404672,24616960,16252864,15826880
2026-05-13T15:52:46+01:00,server,894453861,128262,7526280,733076424,51239,0,243341,0,32911424,29506944,3404480,24617152,16252864,15826880
2026-05-13T15:52:47+01:00,server,894456336,128262,7526291,733078884,51239,0,243341,0,32911424,29507328,3404096,24617536,16252864,15826880
2026-05-13T15:52:48+01:00,server,894458809,128262,7526306,733081345,51239,0,243341,0,32911424,29508864,3402560,24619072,16252864,15826880
2026-05-13T15:52:49+01:00,server,894461255,128262,7526321,733083808,51239,0,243343,0,32911424,29508096,3403328,24618304,16252864,15826880
2026-05-13T15:52:50+01:00,server,894463728,128262,7526334,733086268,51239,0,243343,0,32911424,29509120,3402304,24619264,16252864,15826880
2026-05-13T15:52:51+01:00,server,894466175,128262,7526350,733088731,51239,0,243343,0,32911424,29511040,3400384,24621184,16252864,15826880
2026-05-13T15:52:52+01:00,server,894468650,128262,7526357,733091203,51239,0,243343,0,32911424,29510464,3400960,24620608,16252864,15826880
2026-05-13T15:52:53+01:00,server,894471124,128262,7526364,733093675,51239,0,243344,0,32911424,29511168,3400256,24621312,16252864,15826880
2026-05-13T15:52:54+01:00,server,894473530,128262,7526374,733096187,51239,0,243344,0,32911424,29509248,3402176,24619392,16252864,15826880
2026-05-13T15:52:55+01:00,server,894475998,128262,7526393,733098649,51239,0,243344,0,32911424,29508864,3402560,24619008,16252864,15826880
2026-05-13T15:52:56+01:00,server,894478430,128262,7526403,733101110,51239,0,243344,0,32911424,29507200,3404224,24617344,16252864,15826880
2026-05-13T15:52:57+01:00,server,894480878,128262,7526416,733103570,51239,0,243345,0,32911424,29506432,3404992,24616576,16252864,15826880
2026-05-13T15:52:58+01:00,server,894483388,128262,7526442,733106004,51239,0,243347,0,32911424,29509696,3401728,24619840,16252864,15826880
2026-05-13T15:52:59+01:00,server,894485795,128262,7526457,733108467,51239,0,243347,0,32911424,29506240,3405184,24616384,16252864,15826880
2026-05-13T15:53:00+01:00,server,894488248,128262,7526472,733110927,51239,0,243349,0,32911424,29508928,3402496,24619072,16252864,15826880
2026-05-13T15:53:01+01:00,server,894490721,128262,7526487,733113393,51239,0,243349,0,32911424,29514112,3397312,24624256,16252864,15826880
2026-05-13T15:53:02+01:00,server,894493190,128262,7526504,733115855,51239,0,243349,0,32911424,29510656,3400768,24620800,16252864,15826880
2026-05-13T15:53:03+01:00,server,894495614,128262,7526518,733118320,51239,0,243350,0,32911424,29507264,3404160,24617408,16252864,15826880
2026-05-13T15:53:04+01:00,server,894498088,128262,7526524,733120787,51239,0,243350,0,32911424,29512640,3398784,24622784,16252864,15826880
2026-05-13T15:53:05+01:00,server,894500562,128262,7526531,733123252,51239,0,243351,0,32911424,29511296,3400128,24621440,16252864,15826880
2026-05-13T15:53:06+01:00,server,894503031,128262,7526549,733125713,51239,0,243352,0,32911424,29511488,3399936,24621632,16252864,15826880
2026-05-13T15:53:08+01:00,server,894505455,128262,7526566,733128174,51239,0,243352,0,32911424,29510336,3401088,24620416,16252864,15826880
2026-05-13T15:53:09+01:00,server,894507931,128262,7526576,733130634,51239,0,243352,0,32911424,29509376,3402048,24619456,16252864,15826880
2026-05-13T15:53:10+01:00,server,894510407,128262,7526590,733133094,51239,0,243352,0,32911424,29509632,3401792,24619712,16252864,15826880
2026-05-13T15:53:11+01:00,server,894512878,128262,7526605,733135553,51239,0,243352,0,32911424,29510912,3400512,24620352,16252864,15826880
2026-05-13T15:53:12+01:00,server,894515280,128262,7526616,733138066,51239,0,243352,0,32911424,29512320,3399104,24621760,16252864,15826880
2026-05-13T15:53:13+01:00,server,894517755,128262,7526627,733140526,51239,0,243352,0,32911424,29510912,3400512,24620352,16252864,15826880
2026-05-13T15:53:14+01:00,server,894520243,128262,7526649,733142963,51239,0,243352,0,32911424,29508672,3402752,24618112,16252864,15826880
2026-05-13T15:53:15+01:00,server,894522691,128262,7526667,733145427,51239,0,243352,0,32911424,29506880,3404544,24616320,16252864,15826880
2026-05-13T15:53:16+01:00,server,894525114,128262,7526686,733147887,51239,0,243352,0,32911424,29511168,3400256,24620544,16252864,15826880
2026-05-13T15:53:17+01:00,server,894527587,128262,7526688,733150356,51239,0,243353,0,32911424,29509568,3401856,24618944,16252864,15826880
2026-05-13T15:53:18+01:00,server,894530038,128262,7526698,733152820,51239,0,243353,0,32911424,29506944,3404480,24616320,16252864,15826880
2026-05-13T15:53:19+01:00,server,894532507,128262,7526719,733155281,51239,0,243353,0,32911424,29505536,3405888,24614912,16252864,15826880
2026-05-13T15:53:20+01:00,server,894534953,128262,7526737,733157741,51239,0,243353,0,32911424,29505600,3405824,24614976,16252864,15826880
2026-05-13T15:53:21+01:00,server,894537378,128262,7526751,733160201,51239,0,243355,0,32911424,29505024,3406400,24614272,16252864,15826880
2026-05-13T15:53:22+01:00,server,894539849,128262,7526764,733162661,51239,0,243356,0,32911424,29505408,3406016,24614656,16252864,15826880
2026-05-13T15:53:23+01:00,server,894542323,128262,7526777,733165123,51239,0,243356,0,32911424,29504000,3407424,24613248,16252864,15826880
2026-05-13T15:53:24+01:00,server,894544797,128262,7526792,733167584,51239,0,243356,0,32911424,29502720,3408704,24611904,16252864,15826880
2026-05-13T15:53:25+01:00,server,894547223,128262,7526806,733170046,51239,0,243356,0,32911424,29501568,3409856,24610752,16252864,15826880
2026-05-13T15:53:26+01:00,server,894549699,128262,7526816,733172506,51239,0,243356,0,32911424,29499648,3411776,24608832,16252864,15826880
2026-05-13T15:53:27+01:00,server,894552151,128262,7526828,733174966,51239,0,243356,0,32911424,29503296,3408128,24612480,16252864,15826880
2026-05-13T15:53:28+01:00,server,894554638,128262,7526854,733177406,51239,0,243356,0,32911424,29503872,3407552,24613056,16252864,15826880
2026-05-13T15:53:29+01:00,server,894557062,128262,7526860,733179930,51239,0,243358,0,32911424,29502848,3408576,24611968,16252864,15826880
2026-05-13T15:53:30+01:00,server,894559487,128262,7526873,733182395,51239,0,243359,0,32911424,29503424,3408000,24612544,16252864,15826880
2026-05-13T15:53:31+01:00,server,894561937,128262,7526888,733184854,51239,0,243359,0,32911424,29502528,3408896,24611648,16252864,15826880
2026-05-13T15:53:32+01:00,server,894564387,128262,7526900,733187316,51239,0,243361,0,32911424,29502080,3409344,24611200,16252864,15826880
2026-05-13T15:53:33+01:00,server,894566862,128262,7526913,733189778,51239,0,243361,0,32911424,29501632,3409792,24610752,16252864,15826880
2026-05-13T15:53:34+01:00,server,894569312,128262,7526926,733192238,51239,0,243361,0,32911424,29504640,3406784,24613760,16252864,15826880
2026-05-13T15:53:35+01:00,server,894571784,128262,7526942,733194699,51239,0,243362,0,32911424,29504832,3406592,24613952,16252864,15826880
2026-05-13T15:53:36+01:00,server,894574260,128262,7526954,733197159,51239,0,243362,0,32911424,29502720,3408704,24611840,16252864,15826880
2026-05-13T15:53:37+01:00,server,894576736,128262,7526966,733199621,51239,0,243362,0,32911424,29502592,3408832,24611712,16252864,15826880
2026-05-13T15:53:38+01:00,server,894579188,128262,7526979,733202083,51239,0,243363,0,32911424,29502208,3409216,24611328,16252864,15826880
2026-05-13T15:53:39+01:00,server,894581631,128262,7526994,733204548,51239,0,243363,0,32911424,29500480,3410944,24609600,16252864,15826880
2026-05-13T15:53:40+01:00,server,894584106,128262,7527000,733207012,51239,0,243364,0,32911424,29499904,3411520,24609024,16252864,15826880
2026-05-13T15:53:41+01:00,server,894586579,128262,7527004,733209482,51239,0,243364,0,32911424,29502016,3409408,24611136,16252864,15826880
2026-05-13T15:53:42+01:00,server,894589028,128262,7527022,733211944,51239,0,243364,0,32911424,29500032,3411392,24609152,16252864,15826880
2026-05-13T15:53:43+01:00,server,894591511,128262,7527037,733214377,51239,0,243364,0,32911424,29502592,3408832,24611648,16252864,15826880
2026-05-13T15:53:45+01:00,server,894593960,128262,7527052,733216839,51239,0,243364,0,32911424,29503552,3407872,24612608,16252864,15826880
2026-05-13T15:53:46+01:00,server,894596413,128262,7527067,733219299,51239,0,243365,0,32911424,29503680,3407744,24612736,16252864,15826880
2026-05-13T15:53:47+01:00,server,894598840,128262,7527083,733221812,51239,0,243365,0,32911424,29505664,3405760,24614720,16252864,15826880
2026-05-13T15:53:48+01:00,server,894601317,128262,7527094,733224274,51239,0,243365,0,32911424,29505408,3406016,24614464,16252864,15826880
2026-05-13T15:53:49+01:00,server,894603744,128262,7527104,733226733,51239,0,243366,0,32911424,29508992,3402432,24618048,16252864,15826880
2026-05-13T15:53:50+01:00,server,894606151,128262,7527117,733229193,51239,0,243367,0,32911424,29506240,3405184,24615296,16252864,15826880
2026-05-13T15:53:51+01:00,server,894608522,128262,7527138,733231654,51239,0,243367,0,32911424,29508608,3402816,24617600,16252864,15826880
2026-05-13T15:53:52+01:00,server,894610997,128262,7527150,733234114,51239,0,243367,0,32911424,29506560,3404864,24615488,16252864,15826880
2026-05-13T15:53:53+01:00,server,894613446,128262,7527161,733236580,51239,0,243367,0,32911424,29502784,3408640,24611712,16252864,15826880
2026-05-13T15:53:54+01:00,server,894615916,128262,7527170,733239048,51239,0,243368,0,32911424,29502208,3409216,24611136,16252864,15826880
2026-05-13T15:53:55+01:00,server,894618368,128262,7527181,733241511,51239,0,243368,0,32911424,29501952,3409472,24610880,16252864,15826880
2026-05-13T15:53:56+01:00,server,894620818,128262,7527194,733243973,51239,0,243369,0,32911424,29503040,3408384,24611968,16252864,15826880
2026-05-13T15:53:57+01:00,server,894623270,128262,7527205,733246433,51239,0,243369,0,32911424,29503488,3407936,24612416,16252864,15826880
2026-05-13T15:53:58+01:00,server,894625698,128262,7527218,733248894,51239,0,243369,0,32911424,29503232,3408192,24612160,16252864,15826880
2026-05-13T15:53:59+01:00,server,894628178,128262,7527250,733251331,51239,0,243370,0,32911424,29507584,3403840,24616512,16252864,15826880
2026-05-13T15:54:00+01:00,server,894630651,128262,7527266,733253791,51239,0,243370,0,32911424,29505088,3406336,24614016,16252864,15826880
2026-05-13T15:54:01+01:00,server,894633126,128262,7527277,733256272,51239,0,243370,0,32911424,29505536,3405888,24614464,16252864,15826880
2026-05-13T15:54:02+01:00,server,894635560,128262,7527294,733258748,51239,0,243371,0,32911424,29501824,3409600,24610752,16252864,15826880
2026-05-13T15:54:03+01:00,server,894637991,128262,7527311,733261229,51239,0,243373,0,32911424,29499904,3411520,24608832,16252864,15826880
2026-05-13T15:54:04+01:00,server,894640414,128262,7527343,733263713,51239,0,243373,0,32911424,29500992,3410432,24609920,16252864,15826880
2026-05-13T15:54:05+01:00,server,894642747,128262,7527355,733266254,51239,0,243375,0,32911424,29502272,3409152,24611200,16252864,15826880
2026-05-13T15:54:06+01:00,server,894645196,128262,7527368,733268720,51239,0,243375,0,32911424,29499008,3412416,24607936,16252864,15826880
2026-05-13T15:54:07+01:00,server,894647647,128262,7527381,733271181,51239,0,243375,0,32911424,29499392,3412032,24608320,16252864,15826880
2026-05-13T15:54:08+01:00,server,894650121,128262,7527394,733273641,51239,0,243375,0,32911424,29501056,3410368,24609984,16252864,15826880
2026-05-13T15:54:09+01:00,server,894652546,128262,7527405,733276102,51239,0,243375,0,32911424,29501248,3410176,24610176,16252864,15826880
2026-05-13T15:54:10+01:00,server,894655016,128262,7527424,733278563,51239,0,243375,0,32911424,29501120,3410304,24610048,16252864,15826880
2026-05-13T15:54:11+01:00,server,894657468,128262,7527438,733281022,51239,0,243375,0,32911424,29499776,3411648,24608704,16252864,15826880
2026-05-13T15:54:12+01:00,server,894659919,128262,7527453,733283481,51239,0,243376,0,32911424,29502272,3409152,24611200,16252864,15826880
2026-05-13T15:54:13+01:00,server,894662361,128262,7527479,733285915,51239,0,243376,0,32911424,29503680,3407744,24612608,16252864,15826880
2026-05-13T15:54:14+01:00,server,894664810,128262,7527495,733288375,51239,0,243376,0,32911424,29504384,3407040,24613312,16252864,15826880
2026-05-13T15:54:15+01:00,server,894667283,128262,7527510,733290836,51239,0,243377,0,32911424,29504320,3407104,24613248,16252864,15826880
2026-05-13T15:54:16+01:00,server,894669744,128262,7527525,733293293,51239,0,243377,0,32911424,29506368,3405056,24615296,16252864,15826880
2026-05-13T15:54:17+01:00,server,894672215,128262,7527532,733295761,51239,0,243378,0,32911424,29508544,3402880,24617472,16252864,15826880
2026-05-13T15:54:18+01:00,server,894674639,128262,7527544,733298225,51239,0,243379,0,32911424,29508160,3403264,24617088,16252864,15826880
2026-05-13T15:54:19+01:00,server,894677114,128262,7527554,733300685,51239,0,243380,0,32911424,29508032,3403392,24616896,16252864,15826880
2026-05-13T15:54:20+01:00,server,894679586,128262,7527570,733303148,51239,0,243381,0,32911424,29506880,3404544,24615744,16252864,15826880
2026-05-13T15:54:22+01:00,server,894682059,128262,7527581,733305621,51239,0,243381,0,32911424,29507584,3403840,24616448,16252864,15826880
2026-05-13T15:54:23+01:00,server,894684474,128262,7527593,733308099,51239,0,243381,0,32911424,29509632,3401792,24618496,16252864,15826880
2026-05-13T15:54:24+01:00,server,894686904,128262,7527606,733310627,51239,0,243383,0,32911424,29509952,3401472,24618816,16252864,15826880
2026-05-13T15:54:25+01:00,server,894689378,128262,7527617,733313088,51239,0,243384,0,32911424,29508032,3403392,24616896,16252864,15826880
2026-05-13T15:54:26+01:00,server,894691830,128262,7527629,733315548,51239,0,243386,0,32911424,29504768,3406656,24613632,16252864,15826880
2026-05-13T15:54:27+01:00,server,894694281,128262,7527643,733318010,51239,0,243386,0,32911424,29506368,3405056,24615232,16252864,15826880
2026-05-13T15:54:28+01:00,server,894696732,128262,7527655,733320471,51239,0,243386,0,32911424,29504064,3407360,24612928,16252864,15826880
2026-05-13T15:54:29+01:00,server,894699218,128262,7527672,733322908,51239,0,243387,0,32911424,29508480,3402944,24617344,16252864,15826880
2026-05-13T15:54:30+01:00,server,894701668,128262,7527676,733325381,51239,0,243388,0,32911424,29505664,3405760,24614528,16252864,15826880
2026-05-13T15:54:31+01:00,server,894704118,128266,7527692,733327838,51239,0,243388,0,32911424,29500864,3410560,24609728,16252864,15826880
2026-05-13T15:54:32+01:00,server,894706564,128266,7527707,733330298,51239,0,243389,0,32911424,29501632,3409792,24610496,16252864,15826880
2026-05-13T15:54:33+01:00,server,894708970,128266,7527719,733332759,51239,0,243390,0,32911424,29501824,3409600,24610688,16252864,15826880
2026-05-13T15:54:34+01:00,server,894711424,128266,7527730,733335219,51239,0,243390,0,32911424,29501504,3409920,24610304,16252864,15826880
2026-05-13T15:54:35+01:00,server,894713894,128266,7527747,733337677,51239,0,243390,0,32911424,29501696,3409728,24610496,16252864,15826880
2026-05-13T15:54:36+01:00,server,894716319,128266,7527762,733340137,51239,0,243390,0,32911424,29500288,3411136,24609088,16252864,15826880
2026-05-13T15:54:37+01:00,server,894718792,128266,7527776,733342595,51239,0,243390,0,32911424,29502976,3408448,24611776,16252864,15826880
2026-05-13T15:54:38+01:00,server,894721211,128266,7527798,733345055,51239,0,243390,0,32911424,29501504,3409920,24610304,16252864,15826880
2026-05-13T15:54:39+01:00,server,894723679,128266,7527815,733347521,51239,0,243390,0,32911424,29503488,3407936,24612288,16252864,15826880
2026-05-13T15:54:40+01:00,server,894726119,128266,7527831,733349995,51239,0,243390,0,32911424,29500736,3410688,24609536,16252864,15826880
2026-05-13T15:54:41+01:00,server,894728592,128266,7527845,733352475,51239,0,243390,0,32911424,29502528,3408896,24611328,16252864,15826880
2026-05-13T15:54:42+01:00,server,894730972,128266,7527850,733355013,51239,0,243390,0,32911424,29496768,3414656,24605568,16252864,15826880
2026-05-13T15:54:43+01:00,server,894733460,128266,7527874,733357450,51239,0,243390,0,32911424,29500544,3410880,24609344,16252864,15826880
2026-05-13T15:54:44+01:00,server,894735888,128266,7527883,733359913,51239,0,243391,0,32911424,29499520,3411904,24608320,16252864,15826880
2026-05-13T15:54:45+01:00,server,894738364,128266,7527892,733362373,51239,0,243391,0,32911424,29499456,3411968,24608256,16252864,15826880
2026-05-13T15:54:46+01:00,server,894740819,128266,7527903,733364835,51239,0,243392,0,32911424,29500672,3410752,24609408,16252864,15826880
2026-05-13T15:54:47+01:00,server,894743292,128266,7527918,733367295,51239,0,243392,0,32911424,29501312,3410112,24610048,16252864,15826880
2026-05-13T15:54:48+01:00,server,894745742,128266,7527930,733369755,51239,0,243392,0,32911424,29503424,3408000,24612160,16252864,15826880
2026-05-13T15:54:49+01:00,server,894748215,128266,7527943,733372218,51239,0,243392,0,32911424,29507008,3404416,24615744,16252864,15826880
2026-05-13T15:54:50+01:00,server,894750663,128266,7527959,733374679,51239,0,243393,0,32911424,29505600,3405824,24614336,16252864,15826880
2026-05-13T15:54:51+01:00,server,894753126,128266,7527973,733377136,51240,0,243394,0,32911424,29504576,3406848,24613248,16252864,15826880
2026-05-13T15:54:52+01:00,server,894755601,128266,7527986,733379596,51240,0,243394,0,32911424,29505664,3405760,24614144,16252864,15826880
2026-05-13T15:54:53+01:00,server,894758050,128266,7527991,733382062,51240,0,243394,0,32911424,29502592,3408832,24611072,16252864,15826880
2026-05-13T15:54:54+01:00,server,894760500,128266,7527997,733384530,51240,0,243395,0,32911424,29505472,3405952,24613952,16252864,15826880
2026-05-13T15:54:55+01:00,server,894762973,128266,7528010,733386991,51240,0,243396,0,32911424,29506240,3405184,24614720,16252864,15826880
2026-05-13T15:54:56+01:00,server,894765445,128266,7528026,733389451,51240,0,243397,0,32911424,29506624,3404800,24615104,16252864,15826880
2026-05-13T15:54:57+01:00,server,894767868,128266,7528043,733391914,51240,0,243397,0,32911424,29504512,3406912,24612992,16252864,15826880
2026-05-13T15:54:59+01:00,server,894770346,128266,7528071,733394358,51240,0,243397,0,32911424,29503488,3407936,24611904,16252864,15826880
2026-05-13T15:55:00+01:00,server,894772800,128266,7528087,733396835,51240,0,243397,0,32911424,29500096,3411328,24608512,16252864,15826880
2026-05-13T15:55:01+01:00,server,894775228,128266,7528100,733399366,51240,0,243398,0,32911424,29510784,3400640,24619200,16252864,15826880
2026-05-13T15:55:02+01:00,server,894777655,128266,7528117,733401821,51240,0,243399,0,32911424,29497984,3413440,24606464,16252864,15826880
2026-05-13T15:55:03+01:00,server,894780130,128266,7528128,733404280,51240,0,243399,0,32911424,29503936,3407488,24612352,16252864,15826880
2026-05-13T15:55:04+01:00,server,894782600,128266,7528141,733406742,51240,0,243400,0,32911424,29499840,3411584,24608256,16252864,15826880
2026-05-13T15:55:05+01:00,server,894785054,128266,7528155,733409203,51240,0,243400,0,32911424,29504768,3406656,24613184,16252864,15826880
2026-05-13T15:55:06+01:00,server,894787501,128266,7528163,733411674,51240,0,243400,0,32911424,29499904,3411520,24608256,16252864,15826880
2026-05-13T15:55:07+01:00,server,894789952,128266,7528171,733414153,51240,0,243401,0,32911424,29500864,3410560,24609216,16252864,15826880
2026-05-13T15:55:08+01:00,server,894792382,128266,7528193,733416633,51240,0,243401,0,32911424,29498048,3413376,24606400,16252864,15826880
2026-05-13T15:55:09+01:00,server,894794821,128266,7528221,733419115,51240,0,243402,0,32911424,29499968,3411456,24608320,16252864,15826880
2026-05-13T15:55:10+01:00,server,894797277,128266,7528238,733421600,51240,0,243402,0,32911424,29501120,3410304,24609472,16252864,15826880
2026-05-13T15:55:11+01:00,server,894799632,128266,7528262,733424101,51240,0,243402,0,32911424,29501632,3409792,24609920,16252864,15826880
2026-05-13T15:55:12+01:00,server,894802014,128266,7528284,733426594,51240,0,243403,0,32911424,29501376,3410048,24609664,16252864,15826880
2026-05-13T15:55:13+01:00,server,894804470,128266,7528300,733429094,51240,0,243403,0,32911424,29502720,3408704,24611008,16252864,15826880
2026-05-13T15:55:14+01:00,server,894806878,128266,7528361,733431570,51240,0,243403,0,32911424,29500288,3411136,24608576,16252864,15826880
2026-05-13T15:55:15+01:00,server,894809348,128266,7528375,733434074,51240,0,243405,0,32911424,29502336,3409088,24610624,16252864,15826880
2026-05-13T15:55:16+01:00,server,894811759,128266,7528389,733436583,51240,0,243405,0,32911424,29504064,3407360,24612352,16252864,15826880
2026-05-13T15:55:17+01:00,server,894814135,128266,7528404,733439096,51240,0,243405,0,32911424,29502144,3409280,24610432,16252864,15826880
2026-05-13T15:55:18+01:00,server,894816559,128266,7528410,733441623,51240,0,243405,0,32911424,29496768,3414656,24605056,16252864,15826880
2026-05-13T15:55:19+01:00,server,894818922,128266,7528433,733444148,51240,0,243405,0,32911424,29500224,3411200,24608512,16252864,15826880
2026-05-13T15:55:20+01:00,server,894821192,128266,7528459,733446736,51240,0,243405,0,32911424,29506688,3404736,24614976,16252864,15826880
2026-05-13T15:55:21+01:00,server,894823547,128266,7528476,733449269,51240,0,243405,0,32911424,29505408,3406016,24613696,16252864,15826880
2026-05-13T15:55:22+01:00,server,894825826,128266,7528539,733451808,51240,0,243406,0,32911424,29508864,3402560,24617152,16252864,15826880
2026-05-13T15:55:23+01:00,server,894828202,128266,7528559,733454348,51240,0,243406,0,32911424,29508288,3403136,24616576,16252864,15826880
2026-05-13T15:55:24+01:00,server,894830614,128266,7528573,733456891,51240,0,243406,0,32911424,29504064,3407360,24612352,16252864,15826880
2026-05-13T15:55:25+01:00,server,894832909,128266,7528602,733459435,51240,0,243406,0,32911424,29503872,3407552,24612160,16252864,15826880
2026-05-13T15:55:26+01:00,server,894835145,128266,7528618,733461985,51240,0,243406,0,32911424,29503936,3407488,24612224,16252864,15826880
2026-05-13T15:55:27+01:00,server,894837538,128266,7528633,733464537,51240,0,243406,0,32911424,29505408,3406016,24613696,16252864,15826880
2026-05-13T15:55:28+01:00,server,894839876,128266,7528665,733467063,51240,0,243407,0,32911424,29508288,3403136,24616576,16252864,15826880
2026-05-13T15:55:29+01:00,server,894842326,128266,7528671,733469622,51240,0,243408,0,32911424,29508416,3403008,24616704,16252864,15826880
2026-05-13T15:55:30+01:00,server,894844603,128266,7528688,733472194,51240,0,243408,0,32911424,29506112,3405312,24614400,16252864,15826880
2026-05-13T15:55:31+01:00,server,894846955,128266,7528707,733474761,51240,0,243408,0,32911424,29502592,3408832,24610880,16252864,15826880
2026-05-13T15:55:32+01:00,server,894849336,128266,7528733,733477325,51240,0,243408,0,32911424,29501632,3409792,24609920,16252864,15826880
2026-05-13T15:55:33+01:00,server,894851658,128266,7528744,733479893,51240,0,243408,0,32911424,29503168,3408256,24611456,16252864,15826880
2026-05-13T15:55:34+01:00,server,894854010,128266,7528758,733482462,51240,0,243409,0,32911424,29503488,3407936,24611776,16252864,15826880
2026-05-13T15:55:36+01:00,server,894856319,128266,7528770,733485038,51240,0,243410,0,32911424,29503104,3408320,24611392,16252864,15826880
2026-05-13T15:55:37+01:00,server,894858648,128266,7528786,733487622,51240,0,243411,0,32911424,29507392,3404032,24615680,16252864,15826880
2026-05-13T15:55:38+01:00,server,894860967,128266,7528808,733490200,51240,0,243413,0,32911424,29507200,3404224,24615488,16252864,15826880
2026-05-13T15:55:39+01:00,server,894863299,128266,7528821,733492778,51240,0,243413,0,32911424,29505280,3406144,24613568,16252864,15826880
2026-05-13T15:55:40+01:00,server,894865616,128266,7528836,733495359,51240,0,243413,0,32911424,29505088,3406336,24613376,16252864,15826880
2026-05-13T15:55:41+01:00,server,894867972,128266,7528854,733497942,51240,0,243413,0,32911424,29502336,3409088,24610496,16252864,15826880
2026-05-13T15:55:42+01:00,server,894870327,128266,7528862,733500530,51240,0,243413,0,32911424,29505728,3405696,24613888,16252864,15826880
2026-05-13T15:55:43+01:00,server,894872646,128266,7528878,733503115,51240,0,243413,0,32911424,29503424,3408000,24611584,16252864,15826880
2026-05-13T15:55:44+01:00,server,894875074,128266,7528897,733505606,51240,0,243414,0,32911424,29505472,3405952,24613632,16252864,15826880
2026-05-13T15:55:45+01:00,server,894877466,128266,7528923,733508125,51240,0,243414,0,32911424,29505600,3405824,24613760,16252864,15826880
2026-05-13T15:55:46+01:00,server,894879821,128266,7528949,733510646,51240,0,243414,0,32911424,29505920,3405504,24614080,16252864,15826880
2026-05-13T15:55:47+01:00,server,894882156,128266,7528968,733513170,51240,0,243414,0,32911424,29507072,3404352,24615232,16252864,15826880
2026-05-13T15:55:48+01:00,server,894884549,128266,7528982,733515711,51240,0,243415,0,32911424,29506496,3404928,24614656,16252864,15826880
2026-05-13T15:55:49+01:00,server,894886929,128266,7529001,733518237,51240,0,243415,0,32911424,29507328,3404096,24615488,16252864,15826880
2026-05-13T15:55:50+01:00,server,894889266,128266,7529017,733520767,51240,0,243415,0,32911424,29508352,3403072,24616448,16252864,15826880
2026-05-13T15:55:51+01:00,server,894891655,128266,7529044,733523302,51240,0,243415,0,32911424,29509312,3402112,24617408,16252864,15826880
2026-05-13T15:55:52+01:00,server,894894002,128266,7529063,733525840,51240,0,243416,0,32911424,29509440,3401984,24617536,16252864,15826880
2026-05-13T15:55:53+01:00,server,894896347,128266,7529078,733528382,51240,0,243416,0,32911424,29507648,3403776,24615744,16252864,15826880
2026-05-13T15:55:54+01:00,server,894898627,128266,7529100,733530926,51240,0,243416,0,32911424,29506752,3404672,24614848,16252864,15826880
2026-05-13T15:55:55+01:00,server,894901023,128266,7529106,733533483,51240,0,243416,0,32911424,29507136,3404288,24615232,16252864,15826880
2026-05-13T15:55:56+01:00,server,894903240,128266,7529138,733536033,51240,0,243416,0,32911424,29507712,3403712,24615808,16252864,15826880
2026-05-13T15:55:57+01:00,server,894905659,128266,7529165,733538585,51240,0,243417,0,32911424,29505792,3405632,24613888,16252864,15826880
2026-05-13T15:55:58+01:00,server,894908114,128266,7529190,733541117,51240,0,243417,0,32911424,29506112,3405312,24614208,16252864,15826880
2026-05-13T15:55:59+01:00,server,894910586,128266,7529204,733543675,51240,0,243417,0,32911424,29502784,3408640,24610880,16252864,15826880
2026-05-13T15:56:00+01:00,server,894913041,128266,7529215,733546236,51240,0,243417,0,32911424,29503104,3408320,24611200,16252864,15826880
2026-05-13T15:56:01+01:00,server,894915354,128266,7529246,733548802,51240,0,243417,0,32911424,29508736,3402688,24616832,16252864,15826880
2026-05-13T15:56:02+01:00,server,894917631,128266,7529279,733551370,51240,0,243417,0,32911424,29509632,3401792,24617728,16252864,15826880
2026-05-13T15:56:03+01:00,server,894919976,128266,7529293,733553982,51240,0,243417,0,32911424,29512256,3399168,24620352,16252864,15826880
2026-05-13T15:56:04+01:00,server,894922320,128266,7529325,733556484,51240,0,243417,0,32911424,29510208,3401216,24618304,16252864,15826880
2026-05-13T15:56:05+01:00,server,894924732,128266,7529339,733558988,51240,0,243417,0,32911424,29510976,3400448,24619072,16252864,15826880
2026-05-13T15:56:06+01:00,server,894927172,128266,7529352,733561501,51240,0,243417,0,32911424,29504640,3406784,24612736,16252864,15826880
2026-05-13T15:56:07+01:00,server,894929583,128266,7529378,733564022,51240,0,243418,0,32911424,29508288,3403136,24616384,16252864,15826880
2026-05-13T15:56:08+01:00,server,894931969,128266,7529390,733566534,51240,0,243419,0,32911424,29509248,3402176,24617408,16252864,15826880
2026-05-13T15:56:09+01:00,server,894934300,128266,7529411,733569052,51240,0,243419,0,32911424,29507328,3404096,24615488,16252864,15826880
2026-05-13T15:56:10+01:00,server,894936609,128266,7529459,733571570,51240,0,243419,0,32911424,29506368,3405056,24614528,16252864,15826880
2026-05-13T15:56:11+01:00,server,894939036,128266,7529472,733574092,51240,0,243419,0,32911424,29506560,3404864,24614720,16252864,15826880
2026-05-13T15:56:12+01:00,server,894941385,128266,7529498,733576616,51240,0,243419,0,32911424,29508544,3402880,24616704,16252864,15826880
2026-05-13T15:56:14+01:00,server,894943769,128266,7529521,733579116,51240,0,243419,0,32911424,29508672,3402752,24616768,16252864,15826880
2026-05-13T15:56:15+01:00,server,894946132,128266,7529539,733581646,51240,0,243419,0,32911424,29509632,3401792,24617728,16252864,15826880
2026-05-13T15:56:16+01:00,server,894948510,128266,7529567,733584178,51240,0,243419,0,32911424,29510720,3400704,24618816,16252864,15826880
2026-05-13T15:56:17+01:00,server,894950810,128266,7529593,733586707,51240,0,243419,0,32911424,29512896,3398528,24620992,16252864,15826880
2026-05-13T15:56:18+01:00,server,894953153,128266,7529620,733589246,51240,0,243419,0,32911424,29516544,3394880,24624576,16252864,15826880
2026-05-13T15:56:19+01:00,server,894955527,128266,7529635,733591793,51240,0,243419,0,32911424,29512704,3398720,24620736,16252864,15826880
2026-05-13T15:56:20+01:00,server,894957900,128266,7529653,733594345,51240,0,243419,0,32911424,29514240,3397184,24622336,16252864,15826880
2026-05-13T15:56:21+01:00,server,894960043,128266,7529685,733596894,51240,0,243419,0,32911424,29514816,3396608,24622912,16252864,15826880
2026-05-13T15:56:22+01:00,server,894962333,128266,7529713,733599448,51240,0,243419,0,32911424,29515200,3396224,24623296,16252864,15826880
2026-05-13T15:56:23+01:00,server,894964625,128266,7529735,733602005,51240,0,243421,0,32911424,29516864,3394560,24624960,16252864,15826880
2026-05-13T15:56:24+01:00,server,894967004,128266,7529750,733604620,51240,0,243422,0,32911424,29511104,3400320,24619200,16252864,15826880
2026-05-13T15:56:25+01:00,server,894969438,128266,7529766,733607112,51240,0,243422,0,32911424,29517952,3393472,24626048,16252864,15826880
2026-05-13T15:56:26+01:00,server,894971802,128266,7529783,733609608,51240,0,243422,0,32911424,29517568,3393856,24625664,16252864,15826880
2026-05-13T15:56:27+01:00,server,894974168,128266,7529807,733612114,51240,0,243423,0,32911424,29519168,3392256,24627264,16252864,15826880
2026-05-13T15:56:28+01:00,server,894976626,128266,7529830,733614619,51240,0,243424,0,32911424,29516864,3394560,24624960,16252864,15826880
2026-05-13T15:56:29+01:00,server,894979055,128266,7529865,733617102,51240,0,243424,0,32911424,29515008,3396416,24623040,16252864,15826880
2026-05-13T15:56:30+01:00,server,894981476,128266,7529894,733619616,51240,0,243424,0,32911424,29511552,3399872,24619584,16252864,15826880
2026-05-13T15:56:31+01:00,server,894983802,128266,7529919,733622136,51240,0,243424,0,32911424,29514304,3397120,24622336,16252864,15826880
2026-05-13T15:56:32+01:00,server,894986230,128266,7529931,733624658,51240,0,243424,0,32911424,29516352,3395072,24624384,16252864,15826880
2026-05-13T15:56:33+01:00,server,894988631,128266,7529950,733627179,51240,0,243425,0,32911424,29516928,3394496,24624960,16252864,15826880
2026-05-13T15:56:34+01:00,server,894991015,128266,7529973,733629704,51240,0,243427,0,32911424,29519040,3392384,24627072,16252864,15826880
2026-05-13T15:56:35+01:00,server,894993361,128266,7529990,733632230,51240,0,243428,0,32911424,29517440,3393984,24625472,16252864,15826880
2026-05-13T15:56:36+01:00,server,894995763,128266,7530008,733634758,51240,0,243428,0,32911424,29518208,3393216,24626240,16252864,15826880
2026-05-13T15:56:37+01:00,server,894998183,128266,7530024,733637292,51240,0,243428,0,32911424,29514560,3396864,24622592,16252864,15826880
2026-05-13T15:56:38+01:00,server,895000609,128266,7530054,733639827,51240,0,243428,0,32911424,29512640,3398784,24620672,16252864,15826880
2026-05-13T15:56:39+01:00,server,895002893,128266,7530067,733642365,51240,0,243428,0,32911424,29511296,3400128,24619328,16252864,15826880
2026-05-13T15:56:40+01:00,server,895005182,128266,7530084,733644906,51240,0,243429,0,32911424,29513216,3398208,24621248,16252864,15826880
2026-05-13T15:56:41+01:00,server,895007593,128266,7530100,733647450,51240,0,243429,0,32911424,29510400,3401024,24618432,16252864,15826880
2026-05-13T15:56:42+01:00,server,895009880,128266,7530118,733649995,51240,0,243429,0,32911424,29512320,3399104,24620352,16252864,15826880
2026-05-13T15:56:43+01:00,server,895012319,128266,7530131,733652528,51240,0,243429,0,32911424,29511488,3399936,24619520,16252864,15826880
2026-05-13T15:56:44+01:00,server,895014709,128266,7530140,733655089,51240,0,243429,0,32911424,29512448,3398976,24620480,16252864,15826880
