sweep_id,sweep_name,arch,engine,model_label,threads,cache_type_k,cache_type_v,mandatory_prompt_rows,successful_runs,ttft_s_mean,tpot_s_mean,throughput_tok_s_mean,goodput_fraction_mean,max_vmhwm_gib
arm_server,ARM server sweep,arm,tq,model-1-mandatory,12,turbo3,turbo3,3,9,1.007559487224272,0.26927673774599176,2.9431956322592705,0.0,4.82855224609375
arm_server,ARM server sweep,arm,tq,model-1-mandatory,12,turbo4,turbo4,3,9,0.9918284667688163,0.25988670332461616,3.059683129825539,0.0,4.86175537109375
arm_server,ARM server sweep,arm,tq,model-1-mandatory,24,turbo3,turbo3,3,9,0.5261685796689967,0.14562629600901453,5.451714893730983,1.0,4.82818603515625
arm_server,ARM server sweep,arm,tq,model-1-mandatory,24,turbo4,turbo4,3,9,0.5189898693254994,0.1402795960281265,5.676637774191153,1.0,4.86358642578125
arm_server,ARM server sweep,arm,tq,model-1-mandatory,36,turbo3,turbo3,3,9,0.37339800155152464,0.10209661107288633,7.808895997029167,1.0,4.833984375
arm_server,ARM server sweep,arm,tq,model-1-mandatory,36,turbo4,turbo4,3,9,0.3695391289980358,0.09948379496564104,8.040934255526139,1.0,4.8756103515625
arm_server,ARM server sweep,arm,tq,model-1-mandatory,46,turbo3,turbo3,3,9,0.3035160516705622,0.09624992969821493,8.651372371908112,1.0,4.83856201171875
arm_server,ARM server sweep,arm,tq,model-1-mandatory,46,turbo4,turbo4,3,9,0.3003950939999211,0.08905640857322776,9.024190646992706,1.0,4.87103271484375
arm_server,ARM server sweep,arm,tq,model-1-mandatory,48,turbo3,turbo3,3,9,0.36538825144008213,0.18837918836162162,4.594914071992824,0.6666666666666666,4.831787109375
arm_server,ARM server sweep,arm,tq,model-1-mandatory,48,turbo4,turbo4,3,9,0.33556953066080397,0.1269144885161761,6.303818942264956,1.0,4.8699951171875
arm_server,ARM server sweep,arm,vanilla,model-1-mandatory,12,f16,f16,3,9,1.0140089404400594,0.24688865897452986,3.242261551566419,0.0,5.2598876953125
arm_server,ARM server sweep,arm,vanilla,model-1-mandatory,24,f16,f16,3,9,0.5487768513299266,0.1303534691634711,6.139385283760191,1.0,5.2628173828125
arm_server,ARM server sweep,arm,vanilla,model-1-mandatory,36,f16,f16,3,9,0.40684870688851843,0.09533076328946309,8.411894185859373,1.0,5.2469482421875
arm_server,ARM server sweep,arm,vanilla,model-1-mandatory,46,f16,f16,3,9,0.33748310322860364,0.08333669035120055,9.604454148342318,1.0,5.25054931640625
arm_server,ARM server sweep,arm,vanilla,model-1-mandatory,48,f16,f16,3,9,0.3483708031093961,0.21638803550123661,4.448785529145655,0.4444444444444444,5.25701904296875
blas_server,ARM BLAS sweep,arm,vanilla-blis,model-1-mandatory,12,f16,f16,3,9,1.025651909220162,0.2471955631656264,3.235835612376689,0.0,5.4866943359375
blas_server,ARM BLAS sweep,arm,vanilla-blis,model-1-mandatory,24,f16,f16,3,9,0.5547915904381727,0.13034472295871632,6.135173796637865,1.0,5.5118408203125
blas_server,ARM BLAS sweep,arm,vanilla-blis,model-1-mandatory,36,f16,f16,3,9,0.4090936741073771,0.09534069798603394,8.410247796466725,1.0,5.53619384765625
blas_server,ARM BLAS sweep,arm,vanilla-blis,model-1-mandatory,46,f16,f16,3,9,0.33526883644258815,0.08396683460633299,9.582947242486213,1.0,5.55767822265625
blas_server,ARM BLAS sweep,arm,vanilla-blis,model-1-mandatory,48,f16,f16,3,9,0.4631998112244118,0.17243665435286026,4.90918229807427,0.6666666666666666,5.56103515625
blas_server,ARM BLAS sweep,arm,vanilla-openblas-fujitsu,model-1-mandatory,12,f16,f16,3,9,1.0261806767796062,0.24739886483266546,3.233742840897788,0.0,5.4671630859375
blas_server,ARM BLAS sweep,arm,vanilla-openblas-fujitsu,model-1-mandatory,24,f16,f16,3,9,0.554562454448185,0.1303762138345788,6.135435394099777,1.0,5.474853515625
blas_server,ARM BLAS sweep,arm,vanilla-openblas-fujitsu,model-1-mandatory,36,f16,f16,3,9,0.40610568355704246,0.09551779803293879,8.390588743835494,1.0,5.48077392578125
blas_server,ARM BLAS sweep,arm,vanilla-openblas-fujitsu,model-1-mandatory,46,f16,f16,3,9,0.33702111077986446,0.08352181805952309,9.644782506956794,1.0,5.486083984375
blas_server,ARM BLAS sweep,arm,vanilla-openblas-fujitsu,model-1-mandatory,48,f16,f16,3,9,0.41156186744531925,0.1877424956383595,5.12519330808368,0.8888888888888888,5.48736572265625
x86_server,x86 server sweep,x86,tq,model-1-mandatory,128,turbo3,turbo3,3,9,1.7164628748885462,0.3470038583937381,2.72739331025738,0.0,8.012012481689453
x86_server,x86 server sweep,x86,tq,model-1-mandatory,128,turbo4,turbo4,3,9,2.129978522886328,0.3876040057773417,2.737419987959463,0.0,8.040340423583984
x86_server,x86 server sweep,x86,tq,model-1-mandatory,16,turbo3,turbo3,3,9,0.15230417732770243,0.09247656874728033,9.70921394248921,1.0,7.981586456298828
x86_server,x86 server sweep,x86,tq,model-1-mandatory,16,turbo4,turbo4,3,9,0.15172898577940133,0.0925456383490263,9.71299799543903,1.0,8.02798843383789
x86_server,x86 server sweep,x86,tq,model-1-mandatory,24,turbo3,turbo3,3,9,0.1657022229984351,0.1274539793752515,7.283566304837923,1.0,7.988704681396484
x86_server,x86 server sweep,x86,tq,model-1-mandatory,24,turbo4,turbo4,3,9,0.1770101891112669,0.138790395443388,6.718219979754488,1.0,8.029422760009766
x86_server,x86 server sweep,x86,tq,model-1-mandatory,32,turbo3,turbo3,3,9,0.18559517633467396,0.15041415896687085,6.213544614793903,1.0,7.984523773193359
x86_server,x86 server sweep,x86,tq,model-1-mandatory,32,turbo4,turbo4,3,9,0.1531923027796438,0.13094032263665625,7.16845171969226,1.0,8.038890838623047
x86_server,x86 server sweep,x86,tq,model-1-mandatory,48,turbo3,turbo3,3,9,0.140977084546143,0.11765592515759686,8.002224683178907,1.0,7.991413116455078
x86_server,x86 server sweep,x86,tq,model-1-mandatory,48,turbo4,turbo4,3,9,0.1608717842156895,0.13483453029652945,6.974656325247278,1.0,8.031200408935547
x86_server,x86 server sweep,x86,tq,model-1-mandatory,64,turbo3,turbo3,3,9,0.1380377840056705,0.11871976162815438,7.962083671837086,1.0,7.9906768798828125
x86_server,x86 server sweep,x86,tq,model-1-mandatory,64,turbo4,turbo4,3,9,0.13078385344447777,0.11267075617889338,8.39055607398926,1.0,8.031047821044922
x86_server,x86 server sweep,x86,tq,model-1-mandatory,8,turbo3,turbo3,3,9,0.22442052789200617,0.10814422439328641,8.000247448774537,1.0,7.983455657958984
x86_server,x86 server sweep,x86,tq,model-1-mandatory,8,turbo4,turbo4,3,9,0.22388606011130227,0.10847386401465103,7.9969717802317675,1.0,8.022663116455078
x86_server,x86 server sweep,x86,tq,model-1-mandatory,96,turbo3,turbo3,3,9,0.1586294796692932,0.136493482356247,6.916162993551581,1.0,8.001224517822266
x86_server,x86 server sweep,x86,tq,model-1-mandatory,96,turbo4,turbo4,3,9,0.16037106299578832,0.1393496261891152,6.788471201586407,1.0,8.031658172607422
x86_server,x86 server sweep,x86,vanilla,model-1-mandatory,128,f16,f16,3,9,3.192850632783827,0.6130316833480102,1.3122509809801721,0.0,8.404197692871094
x86_server,x86 server sweep,x86,vanilla,model-1-mandatory,16,f16,f16,3,9,0.17063362866368456,0.09311383271001483,9.641701834414338,1.0,8.42245101928711
x86_server,x86 server sweep,x86,vanilla,model-1-mandatory,24,f16,f16,3,9,0.16375011399999392,0.10225527718474658,8.96076709236389,1.0,8.413036346435547
x86_server,x86 server sweep,x86,vanilla,model-1-mandatory,32,f16,f16,3,9,0.16785276244440359,0.11182328843540625,8.260138814116926,1.0,8.415935516357422
x86_server,x86 server sweep,x86,vanilla,model-1-mandatory,48,f16,f16,3,9,0.20530866733558165,0.15554414049644474,6.012477106517621,1.0,8.425769805908203
x86_server,x86 server sweep,x86,vanilla,model-1-mandatory,64,f16,f16,3,9,0.1766931981126416,0.13166815721658098,7.085995491631725,1.0,8.414875030517578
x86_server,x86 server sweep,x86,vanilla,model-1-mandatory,8,f16,f16,3,9,0.2322179215536582,0.10264764451326397,8.48729687924907,1.0,8.413459777832031
x86_server,x86 server sweep,x86,vanilla,model-1-mandatory,96,f16,f16,3,9,0.15901526978187677,0.11585058776751077,8.029835094716674,1.0,8.409248352050781
